id,type,maxSpeed,averageSpeed,hour,minute,start_vertex_id,stop_vertex_id,turnsCount
veh2532559,Bus,8.0,1.69,20,52,174,201,0
veh4591918,Bus,8.0,1.74,10,32,86,59,0
veh4686816,Bus,8.0,1.38,14,17,12,186,0
veh472728,Bus,8.0,1.4,17,30,145,172,0
veh3189706,Bus,8.0,1.15,19,6,87,41,1
veh5158954,Bus,8.0,1.39,18,51,29,56,0
veh2810684,Bus,8.0,1.33,8,12,202,175,0
veh5158987,Bus,8.0,1.37,20,17,12,186,0
veh5998602,Bus,8.0,1.5,12,15,4,178,0
veh2622343,Bus,8.0,1.28,20,11,29,186,1
veh4591988,Bus,8.0,1.34,17,12,202,175,0
veh1877253,Bus,8.0,1.4,12,51,29,56,0
veh1405142,Bus,8.0,1.22,5,45,207,33,0
veh3096107,Bus,8.0,1.4,8,30,145,172,0
veh1127946,Bus,8.0,1.7,18,54,144,117,0
veh3096143,Bus,8.0,1.49,10,15,4,178,0
veh2532566,Bus,8.0,1.4,21,30,145,172,0
veh4969627,Bus,8.0,1.37,10,32,27,201,0
veh5065516,Bus,8.0,1.54,16,26,87,56,1
veh376662,Bus,8.0,1.55,9,26,87,56,1
veh6092275,Bus,7.99,1.38,9,31,29,201,1
veh3656902,Bus,8.0,1.57,5,22,174,48,1
veh3374266,Bus,8.0,1.4,20,51,29,56,0
veh3374218,Bus,8.0,1.69,16,52,174,201,0
veh5436914,Bus,8.0,1.28,7,47,215,41,0
veh94307,Bus,8.0,1.34,18,17,12,186,0
veh2716099,Bus,8.0,1.48,8,15,4,178,0
veh1877186,Bus,7.99,1.39,7,31,29,201,1
veh1032139,Bus,8.0,1.4,8,30,145,172,0
veh565779,Bus,7.98,1.28,11,47,215,41,0
veh5626571,Bus,8.0,1.38,14,32,27,201,0
veh3752743,Bus,7.99,1.44,9,46,87,114,0
veh4781216,Bus,8.0,1.28,18,11,29,186,1
veh2439590,Bus,7.99,1.21,15,2,230,56,0
veh3279437,Bus,8.0,1.44,7,46,87,114,0
veh3189638,Bus,7.99,1.48,12,15,4,178,0
veh6470328,Bus,8.0,1.16,4,6,87,41,1
veh4781170,Bus,8.0,1.22,13,45,207,33,0
veh1127847,Bus,8.0,1.57,9,22,174,48,1
veh94347,Bus,8.0,1.69,22,52,174,201,0
veh3374155,Bus,7.97,1.23,9,45,207,33,0
veh3189677,Bus,7.99,1.5,16,15,4,178,0
veh4124094,Bus,8.0,1.39,17,31,29,201,1
veh5904207,Bus,8.0,1.71,8,54,144,117,0
veh94284,Bus,8.0,1.39,17,31,29,201,1
veh3096086,Bus,8.0,1.39,6,17,12,186,0
veh1966463,Bus,8.0,1.74,10,32,86,59,0
veh2439531,Bus,8.0,1.28,9,47,215,41,0
veh5158871,Bus,7.99,1.22,9,45,207,33,0
veh5721613,Bus,8.0,1.74,14,32,86,59,0
veh5531507,Bus,8.0,1.44,8,46,87,114,0
veh5158888,Bus,8.0,1.65,11,24,144,178,1
veh1877294,Bus,8.0,1.74,16,32,86,59,0
veh6281121,Bus,8.0,1.69,4,52,174,201,0
veh2249104,Bus,8.0,1.69,16,52,174,201,0
veh4686796,Bus,8.0,1.71,12,2,86,33,1
veh2905375,Bus,7.99,1.38,16,32,27,201,0
veh3096103,Bus,8.0,1.4,8,51,29,56,0
veh565734,Bus,8.0,1.44,8,46,87,114,0
veh1877183,Bus,7.99,1.38,6,17,12,186,0
veh5437069,Bus,8.0,1.57,21,22,174,48,1
veh4218653,Bus,8.0,1.65,5,24,144,178,1
veh2716163,Bus,8.0,1.35,15,11,29,186,1
veh4218815,Bus,8.0,1.66,19,24,144,178,1
veh565885,Bus,8.0,1.7,21,54,144,117,0
veh2060314,Bus,8.0,1.66,9,24,144,178,1
veh1405320,Bus,8.0,1.57,21,22,174,48,1
veh1405329,Bus,8.0,1.4,22,51,29,56,0
veh6186842,Bus,8.0,1.55,16,26,87,56,1
veh2060407,Bus,8.0,1.55,18,4,144,41,1
veh843899,Bus,8.0,1.69,8,52,174,201,0
veh1221682,Bus,8.0,1.44,5,46,87,114,0
veh3752868,Bus,8.0,1.33,20,12,202,175,0
veh2343397,Bus,8.0,1.55,6,26,87,56,1
veh6470417,Bus,8.0,1.4,12,51,29,56,0
veh4875056,Bus,8.0,1.71,4,2,86,33,1
veh5437029,Bus,7.99,1.35,18,11,29,186,1
veh6560504,Bus,8.0,1.65,9,24,144,178,1
veh1221873,Bus,8.0,1.38,22,31,29,201,1
veh5342386,Bus,8.0,1.44,15,46,87,114,0
veh3279579,Bus,8.0,1.57,19,22,174,48,1
veh5248372,Bus,7.99,1.28,17,47,215,41,0
veh5437063,Bus,8.0,1.38,20,17,12,186,0
veh5342371,Bus,8.0,1.28,13,47,215,41,0
veh2905422,Bus,8.0,1.33,20,12,202,175,0
veh3846252,Bus,8.0,1.57,9,22,174,48,1
veh1499412,Bus,8.0,1.54,19,26,87,56,1
veh1310952,Bus,7.99,1.4,17,30,145,172,0
veh655103,Bus,7.99,1.44,11,46,87,114,0
veh4502808,Bus,8.0,1.28,14,11,29,186,1
veh2810737,Bus,8.0,1.28,13,47,215,41,0
veh1405243,Bus,8.0,1.34,14,17,12,186,0
veh1032188,Bus,8.0,1.4,12,51,29,56,0
veh3279531,Bus,8.0,1.66,15,22,174,48,1
veh3189664,Bus,8.0,1.66,15,24,144,178,1
veh749472,Bus,8.0,1.7,9,54,144,117,0
veh4875232,Bus,8.0,1.69,20,52,174,201,0
veh2154429,Bus,7.99,1.55,11,4,144,41,1
veh5342377,Bus,8.0,1.16,14,6,87,41,1
veh3563142,Bus,8.0,1.55,10,26,87,56,1
veh3752838,Bus,8.0,1.55,18,26,87,56,1
veh3936028,Bus,8.0,1.7,13,54,144,117,0
veh6281228,Bus,8.0,1.74,14,32,86,59,0
veh4875090,Bus,8.0,1.15,8,6,87,41,1
veh5626573,Bus,8.0,1.39,15,31,29,201,1
veh3752702,Bus,8.0,1.55,6,26,87,56,1
veh5342341,Bus,8.0,1.54,10,26,87,56,1
veh5626482,Bus,8.0,1.44,7,46,87,114,0
veh3189625,Bus,8.0,1.57,11,22,174,48,1
veh1499326,Bus,7.98,1.5,10,15,4,178,0
veh1966457,Bus,7.99,1.38,10,31,29,201,1
veh4781194,Bus,8.0,1.4,16,51,29,56,0
veh1688026,Bus,8.0,1.26,8,11,29,186,1
veh3189553,Bus,8.0,1.28,5,47,215,41,0
veh2905276,Bus,7.99,1.21,7,2,230,56,0
veh3374259,Bus,8.0,1.65,19,24,144,178,1
veh5904335,Bus,7.99,1.21,19,2,230,56,0
veh4409489,Bus,8.0,1.69,8,2,86,33,1
veh1966583,Bus,8.0,1.21,21,2,230,56,0
veh2905353,Bus,8.0,1.49,14,15,4,178,0
veh5065455,Bus,7.99,1.22,9,2,230,56,0
veh6470352,Bus,8.0,1.4,7,30,145,172,0
veh565872,Bus,8.0,1.16,20,6,87,41,1
veh94223,Bus,8.0,1.74,10,32,86,59,0
veh749561,Bus,8.0,1.69,18,52,174,201,0
veh843978,Bus,8.0,1.7,15,54,144,117,0
veh1594274,Bus,8.0,1.55,18,4,144,41,1
veh5531517,Bus,7.99,1.49,8,15,4,178,0
veh4502896,Bus,7.98,1.27,21,47,215,41,0
veh5531532,Bus,8.0,1.27,9,47,215,41,0
veh2060344,Bus,8.0,1.74,12,32,86,59,0
veh6092295,Bus,8.0,1.7,10,2,86,33,1
veh282738,Bus,8.0,1.33,9,12,202,175,0
veh843965,Bus,7.99,1.55,14,26,87,56,1
veh844030,Bus,8.0,1.28,19,47,215,41,0
veh749509,Bus,8.0,1.71,13,54,144,117,0
veh1499328,Bus,8.0,1.45,11,46,87,114,0
veh5904229,Bus,8.0,1.4,10,51,29,56,0
veh1594203,Bus,8.0,1.7,11,54,144,117,0
veh3189599,Bus,8.0,1.55,9,26,87,56,1
veh6377237,Bus,8.0,1.55,9,4,144,41,1
veh4313434,Bus,7.99,1.28,15,47,215,41,0
veh5815011,Bus,8.0,1.71,7,2,86,33,1
veh5815111,Bus,8.0,1.16,16,6,87,41,1
veh2716153,Bus,7.98,1.27,14,11,29,186,1
veh5248271,Bus,7.99,1.74,8,32,86,59,0
veh3846322,Bus,8.0,1.55,16,26,87,56,1
veh5531596,Bus,8.0,1.69,16,52,174,201,0
veh4591993,Bus,7.99,1.4,18,51,29,56,0
veh655157,Bus,8.0,1.49,16,15,4,178,0
veh1032123,Bus,8.0,1.4,7,30,145,172,0
veh5437056,Bus,7.98,1.21,19,2,230,56,0
veh3468191,Bus,7.99,1.38,14,31,29,201,1
veh4218703,Bus,8.0,1.66,9,22,174,48,1
veh5065546,Bus,8.0,1.38,18,17,12,186,0
veh2249096,Bus,8.0,1.7,15,54,144,117,0
veh3752694,Bus,8.0,1.66,5,22,174,48,1
veh3189550,Bus,7.99,1.47,5,30,145,172,0
veh5721606,Bus,7.99,1.21,13,2,230,56,0
veh2999720,Bus,7.99,1.7,6,52,174,201,0
veh3846375,Bus,8.0,1.33,20,12,202,175,0
veh1877192,Bus,8.0,1.55,7,4,144,41,1
veh6092348,Bus,8.0,1.4,16,51,29,56,0
veh1594218,Bus,8.0,1.65,13,24,144,178,1
veh4313329,Bus,8.0,1.71,6,2,86,33,1
veh1877340,Bus,8.0,1.4,20,51,29,56,0
veh282682,Bus,8.0,1.66,5,24,144,178,1
veh565732,Bus,8.0,1.15,8,6,87,41,1
veh1221696,Bus,8.0,1.33,6,12,202,175,0
veh5436920,Bus,8.0,1.55,8,26,87,56,1
veh6186808,Bus,8.0,1.5,12,15,4,178,0
veh1688132,Bus,8.0,1.65,17,24,144,178,1
veh1221813,Bus,8.0,1.15,17,6,87,41,1
veh1966488,Bus,8.0,1.66,13,24,144,178,1
veh1594133,Bus,8.0,1.16,6,6,87,41,1
veh1310862,Bus,7.98,1.34,8,17,12,186,0
veh1310875,Bus,8.0,1.65,9,24,144,178,1
veh376749,Bus,8.0,1.66,17,24,144,178,1
veh188435,Bus,8.0,1.44,19,46,87,114,0
veh3189718,Bus,7.99,1.23,19,45,207,33,0
veh6281271,Bus,8.0,1.69,18,2,86,33,1
veh2999805,Bus,7.99,1.27,13,47,215,41,0
veh4781192,Bus,7.99,1.22,15,2,230,56,0
veh3374211,Bus,7.99,1.28,15,47,215,41,0
veh3656944,Bus,7.99,1.37,8,17,12,186,0
veh5342275,Bus,8.0,1.44,5,46,87,114,0
veh937716,Bus,8.0,1.7,21,54,144,117,0
veh2154416,Bus,8.0,1.4,10,51,29,56,0
veh2810649,Bus,8.0,1.4,6,51,29,56,0
veh3279490,Bus,7.99,1.5,10,15,4,178,0
veh5342467,Bus,8.0,1.39,22,51,29,56,0
veh1032262,Bus,8.0,1.44,19,46,87,114,0
veh2622229,Bus,8.0,1.66,9,24,144,178,1
veh1499445,Bus,8.0,1.39,22,31,29,201,1
veh3935945,Bus,8.0,1.69,6,2,86,33,1
veh749535,Bus,8.0,1.4,16,51,29,56,0
veh2716172,Bus,8.0,1.22,15,45,207,33,0
veh3846337,Bus,8.0,1.7,17,54,144,117,0
veh1221713,Bus,8.0,1.29,8,11,29,186,1
veh2060332,Bus,8.0,1.38,11,30,145,172,0
veh937664,Bus,8.0,1.4,17,30,145,172,0
veh2999836,Bus,8.0,1.38,16,17,12,186,0
veh4124080,Bus,7.99,1.7,15,54,144,117,0
veh94271,Bus,8.0,1.28,15,47,215,41,0
veh6186900,Bus,8.0,1.44,21,46,87,114,0
veh94257,Bus,8.0,1.55,14,26,87,56,1
veh376699,Bus,8.0,1.74,12,32,86,59,0
veh5904197,Bus,8.0,1.4,8,51,29,56,0
veh1594292,Bus,8.0,1.27,19,47,215,41,0
veh4502824,Bus,8.0,1.65,15,24,144,178,1
veh282869,Bus,8.0,1.28,22,11,29,186,1
veh5436894,Bus,7.99,1.4,6,51,29,56,0
veh4591888,Bus,8.0,1.74,8,32,86,59,0
veh2905254,Bus,7.99,1.4,6,51,29,56,0
veh1127975,Bus,7.99,1.44,21,46,87,114,0
veh5342415,Bus,7.98,1.28,17,47,215,41,0
veh2905340,Bus,8.0,1.66,13,24,144,178,1
veh4313333,Bus,8.0,1.49,6,15,4,178,0
veh2532527,Bus,7.98,1.35,18,11,29,186,1
veh5626632,Bus,7.99,1.22,19,45,207,33,0
veh2249165,Bus,7.99,1.65,21,24,144,178,1
veh1221679,Bus,8.0,1.55,4,26,87,56,1
veh4218689,Bus,8.0,1.74,8,32,86,59,0
veh1966494,Bus,7.99,1.39,14,31,29,201,1
veh3656941,Bus,8.0,1.65,8,24,144,178,1
veh3656987,Bus,7.99,1.74,12,32,86,59,0
veh4781264,Bus,8.0,1.39,22,31,29,201,1
veh188458,Bus,8.0,1.4,21,30,145,172,0
veh1594318,Bus,8.0,1.71,22,2,86,33,1
veh4218808,Bus,8.0,1.62,19,26,87,56,1
veh2716121,Bus,8.0,1.69,10,52,174,201,0
veh3468170,Bus,8.0,1.7,11,54,144,117,0
veh4875183,Bus,7.99,1.74,16,32,86,59,0
veh1783821,Bus,8.0,1.66,21,24,144,178,1
veh1499351,Bus,8.0,1.21,13,45,207,33,0
veh3752871,Bus,8.0,1.37,20,32,27,201,0
veh2716138,Bus,8.0,1.39,12,31,29,201,1
veh4686851,Bus,8.0,1.21,17,45,207,33,0
veh1499285,Bus,8.0,1.27,8,11,29,186,1
veh1310818,Bus,8.0,1.44,5,46,87,114,0
veh2716057,Bus,8.0,1.65,5,24,144,178,1
veh3657043,Bus,8.0,1.27,18,11,29,186,1
veh749426,Bus,8.0,1.71,6,2,86,33,1
veh1783724,Bus,7.99,1.38,12,17,12,186,0
veh2154353,Bus,8.0,1.4,5,30,145,172,0
veh5815181,Bus,8.0,1.4,22,51,29,56,0
veh5998622,Bus,8.0,1.35,15,11,29,186,1
veh2439578,Bus,7.99,1.49,14,15,4,178,0
veh5626653,Bus,8.0,1.35,22,11,29,186,1
veh5248330,Bus,8.0,1.22,13,2,230,56,0
veh3189580,Bus,8.0,1.27,8,11,29,186,1
veh1688167,Bus,8.0,1.39,20,51,29,56,0
veh4313390,Bus,8.0,1.37,10,32,27,201,0
veh2622354,Bus,8.0,1.4,21,30,145,172,0
veh188377,Bus,8.0,1.39,14,51,29,56,0
veh3563090,Bus,8.0,1.33,6,12,202,175,0
veh4030261,Bus,8.0,1.57,11,22,174,48,1
veh188333,Bus,7.99,1.66,9,24,144,178,1
veh2249025,Bus,7.99,1.5,8,15,4,178,0
veh5626568,Bus,8.0,1.74,14,32,86,59,0
veh3563163,Bus,8.0,1.74,12,32,86,59,0
veh937726,Bus,8.0,1.33,22,12,202,175,0
veh655025,Bus,8.0,1.16,4,6,87,41,1
veh3563178,Bus,8.0,1.16,14,6,87,41,1
veh4313409,Bus,8.0,1.57,13,22,174,48,1
veh5815020,Bus,8.0,1.28,8,11,29,186,1
veh2905388,Bus,8.0,1.21,17,2,230,56,0
veh4591936,Bus,8.0,1.74,12,32,86,59,0
veh6560554,Bus,8.0,1.47,14,15,4,178,0
veh4502797,Bus,8.0,1.37,12,17,12,186,0
veh3846361,Bus,8.0,1.71,19,2,86,33,1
veh5342427,Bus,8.0,1.7,18,54,144,117,0
veh472788,Bus,8.0,1.71,22,2,86,33,1
veh5248252,Bus,8.0,1.4,7,30,145,172,0
veh3752828,Bus,8.0,1.5,17,4,144,41,1
veh5248255,Bus,7.99,1.74,7,32,86,59,0
veh3279594,Bus,8.0,1.33,20,12,202,175,0
veh1966572,Bus,8.0,1.48,20,15,4,178,0
veh3563123,Bus,8.0,1.35,9,11,29,186,1
veh3656915,Bus,7.99,1.38,6,17,12,186,0
veh3752867,Bus,8.0,1.69,20,52,174,201,0
veh1966402,Bus,8.0,1.4,6,51,29,56,0
veh6470437,Bus,8.0,1.74,14,32,86,59,0
veh4124084,Bus,7.99,1.27,16,11,29,186,1
veh3935930,Bus,8.0,1.55,4,26,87,56,1
veh2810673,Bus,8.0,1.4,8,51,29,56,0
veh376624,Bus,8.0,1.71,6,2,86,33,1
veh2622313,Bus,7.99,1.22,17,45,207,33,0
veh2439610,Bus,8.0,1.33,17,12,202,175,0
veh5342375,Bus,8.0,1.38,14,31,29,201,1
veh6377297,Bus,8.0,1.71,15,54,144,117,0
veh4313362,Bus,8.0,1.5,8,15,4,178,0
veh2810728,Bus,8.0,1.74,12,32,86,59,0
veh5436905,Bus,8.0,1.44,7,46,87,114,0
veh5721566,Bus,8.0,1.7,9,54,144,117,0
veh4502860,Bus,8.0,1.65,18,24,144,178,1
veh282780,Bus,7.99,1.4,14,51,29,56,0
veh2905328,Bus,8.0,1.21,11,2,230,56,0
veh3374268,Bus,8.0,1.54,20,26,87,56,1
veh6186869,Bus,8.0,1.5,18,4,144,41,1
veh1405221,Bus,8.0,1.39,12,31,29,201,1
veh2532494,Bus,8.0,1.38,15,31,29,201,1
veh6377326,Bus,8.0,1.15,18,6,87,41,1
veh749558,Bus,8.0,1.4,18,51,29,56,0
veh3657059,Bus,7.99,1.44,19,46,87,114,0
veh3096083,Bus,8.0,1.71,6,2,86,33,1
veh655203,Bus,8.0,1.54,20,26,87,56,1
veh1405198,Bus,8.0,1.22,9,45,207,33,0
veh6092232,Bus,8.0,1.21,5,45,207,33,0
veh4313435,Bus,8.0,1.21,15,45,207,33,0
veh5904349,Bus,8.0,1.55,21,4,144,41,1
veh3936100,Bus,7.99,1.33,19,12,202,175,0
veh5721552,Bus,8.0,1.38,8,17,12,186,0
veh4781247,Bus,8.0,1.54,20,26,87,56,1
veh2905295,Bus,8.0,1.15,9,6,87,41,1
veh1127826,Bus,8.0,1.39,8,51,29,56,0
veh3563137,Bus,8.0,1.22,9,45,207,33,0
veh6470393,Bus,7.99,1.22,9,45,207,33,0
veh3657086,Bus,8.0,1.71,21,54,144,117,0
veh6092263,Bus,8.0,1.4,8,30,145,172,0
veh1127805,Bus,8.0,1.69,6,52,174,201,0
veh188417,Bus,8.0,1.22,17,45,207,33,0
veh6092407,Bus,8.0,1.38,21,31,29,201,1
veh376786,Bus,8.0,1.55,20,26,87,56,1
veh1310963,Bus,8.0,1.16,18,6,87,41,1
veh6281297,Bus,8.0,1.55,20,26,87,56,1
veh5904223,Bus,8.0,1.71,9,54,144,117,0
veh5342314,Bus,8.0,1.74,8,32,86,59,0
veh3935984,Bus,8.0,1.44,9,46,87,114,0
veh282689,Bus,7.99,1.54,6,26,87,56,1
veh1032265,Bus,8.0,1.69,19,2,86,33,1
veh6560479,Bus,8.0,1.4,8,51,29,56,0
veh5904174,Bus,7.99,1.16,6,6,87,41,1
veh4502722,Bus,8.0,1.74,6,32,86,59,0
veh2532445,Bus,7.99,1.22,9,45,207,33,0
veh6186758,Bus,8.0,1.74,8,32,86,59,0
veh6281254,Bus,8.0,1.16,17,6,87,41,1
veh4591959,Bus,8.0,1.39,15,31,29,201,1
veh5248294,Bus,8.0,1.22,9,2,230,56,0
veh3374189,Bus,8.0,1.71,13,54,144,117,0
veh1405187,Bus,8.0,1.55,9,26,87,56,1
veh4781244,Bus,8.0,1.28,20,11,29,186,1
veh4123964,Bus,8.0,1.44,5,46,87,114,0
veh2810731,Bus,8.0,1.37,12,32,27,201,0
veh5721568,Bus,8.0,1.28,9,47,215,41,0
veh472715,Bus,8.0,1.4,16,51,29,56,0
veh94209,Bus,8.0,1.74,9,32,86,59,0
veh2532520,Bus,7.99,1.55,17,4,144,41,1
veh4030384,Bus,8.0,1.38,22,32,27,201,0
veh937625,Bus,8.0,1.71,13,54,144,117,0
veh2532495,Bus,8.0,1.44,15,46,87,114,0
veh5248306,Bus,8.0,1.44,11,46,87,114,0
veh5248339,Bus,8.0,1.5,14,15,4,178,0
veh1688163,Bus,7.99,1.28,19,47,215,41,0
veh1032201,Bus,7.99,1.22,13,2,230,56,0
veh4591892,Bus,8.0,1.33,8,12,202,175,0
veh282822,Bus,8.0,1.35,18,11,29,186,1
veh2622297,Bus,7.99,1.71,16,2,86,33,1
veh5998529,Bus,7.99,1.5,6,15,4,178,0
veh1966582,Bus,7.99,1.22,21,45,207,33,0
veh376656,Bus,8.0,1.37,8,17,12,186,0
veh937548,Bus,8.0,1.39,7,31,29,201,1
veh3563267,Bus,8.0,1.39,22,31,29,201,1
veh3279483,Bus,7.99,1.24,10,6,87,41,1
veh5904195,Bus,7.98,1.21,7,2,230,56,0
veh6560528,Bus,8.0,1.21,11,45,207,33,0
veh5248262,Bus,7.99,1.21,7,2,230,56,0
veh5998645,Bus,8.0,1.54,17,26,87,56,1
veh4781090,Bus,8.0,1.37,6,32,27,201,0
veh2532488,Bus,8.0,1.69,14,2,86,33,1
veh2060374,Bus,7.99,1.28,15,47,215,41,0
veh5248288,Bus,8.0,1.5,9,4,144,41,1
veh5158825,Bus,8.0,1.37,6,17,12,186,0
veh4409498,Bus,8.0,1.35,9,11,29,186,1
veh2154472,Bus,8.0,1.28,16,11,29,186,1
veh6092385,Bus,8.0,1.54,19,26,87,56,1
veh2154536,Bus,7.99,1.55,21,4,144,41,1
veh4313511,Bus,8.0,1.69,22,2,86,33,1
veh4124068,Bus,8.0,1.7,14,2,86,33,1
veh6281256,Bus,8.0,1.44,17,46,87,114,0
veh3846232,Bus,8.0,1.15,8,6,87,41,1
veh3563223,Bus,8.0,1.69,18,52,174,201,0
veh5721638,Bus,8.0,1.38,17,31,29,201,1
veh1032128,Bus,8.0,1.66,7,24,144,178,1
veh6377373,Bus,8.0,1.39,22,51,29,56,0
veh1221807,Bus,8.0,1.7,16,2,86,33,1
veh1405294,Bus,7.98,1.15,19,6,87,41,1
veh5998660,Bus,8.0,1.69,18,52,174,201,0
veh2622350,Bus,8.0,1.49,20,15,4,178,0
veh6377196,Bus,7.99,1.37,6,17,12,186,0
veh6560581,Bus,8.0,1.4,17,30,145,172,0
veh3189705,Bus,8.0,1.39,19,31,29,201,1
veh4969635,Bus,8.0,1.21,11,45,207,33,0
veh5248266,Bus,8.0,1.54,8,26,87,56,1
veh5721519,Bus,8.0,1.69,6,52,174,201,0
veh4875114,Bus,8.0,1.66,9,24,144,178,1
veh4218663,Bus,8.0,1.74,6,32,86,59,0
veh5721705,Bus,8.0,1.38,22,17,12,186,0
veh4030221,Bus,8.0,1.4,8,30,145,172,0
veh3279481,Bus,8.0,1.39,10,31,29,201,1
veh1221830,Bus,8.0,1.68,18,2,86,33,1
veh6377336,Bus,8.0,1.37,18,32,27,201,0
veh2716108,Bus,8.0,1.7,9,2,86,33,1
veh94349,Bus,8.0,1.74,22,32,86,59,0
veh1783707,Bus,7.99,1.38,10,17,12,186,0
veh3096256,Bus,8.0,1.66,21,24,144,178,1
veh2532536,Bus,7.99,1.7,18,54,144,117,0
veh4969633,Bus,8.0,1.7,11,54,144,117,0
veh4502758,Bus,8.0,1.15,9,6,87,41,1
veh376778,Bus,8.0,1.71,19,54,144,117,0
veh5626497,Bus,8.0,1.55,8,26,87,56,1
veh4030185,Bus,8.0,1.44,5,46,87,114,0
veh1032209,Bus,7.99,1.38,14,17,12,186,0
veh3936011,Bus,8.0,1.65,11,24,144,178,1
veh4875166,Bus,7.99,1.35,15,11,29,186,1
veh1688158,Bus,8.0,1.74,19,32,86,59,0
veh4969747,Bus,8.0,1.69,22,52,174,201,0
veh4781144,Bus,8.0,1.38,10,17,12,186,0
veh2999802,Bus,8.0,1.5,13,4,144,41,1
veh2060340,Bus,8.0,1.28,12,11,29,186,1
veh3656920,Bus,8.0,1.4,7,30,145,172,0
veh5342343,Bus,8.0,1.71,10,2,86,33,1
veh472689,Bus,8.0,1.7,13,54,144,117,0
veh1127959,Bus,8.0,1.62,19,24,144,178,1
veh6092376,Bus,8.0,1.74,18,32,86,59,0
veh94282,Bus,7.99,1.5,16,15,4,178,0
veh3189654,Bus,8.0,1.74,14,32,86,59,0
veh282862,Bus,7.99,1.57,21,22,174,48,1
veh3279468,Bus,8.0,1.54,9,26,87,56,1
veh4591973,Bus,8.0,1.69,16,52,174,201,0
veh5437035,Bus,8.0,1.74,18,32,86,59,0
veh5815165,Bus,8.0,1.33,20,12,202,175,0
veh2999855,Bus,8.0,1.55,18,26,87,56,1
veh4591925,Bus,8.0,1.57,11,22,174,48,1
veh4502773,Bus,8.0,1.4,10,51,29,56,0
veh2810773,Bus,8.0,1.54,17,26,87,56,1
veh5531594,Bus,7.98,1.16,16,6,87,41,1
veh1221835,Bus,8.0,1.38,18,17,12,186,0
veh5904262,Bus,7.99,1.23,13,45,207,33,0
veh2622199,Bus,7.99,1.33,7,12,202,175,0
veh4218848,Bus,8.0,1.5,22,15,4,178,0
veh843913,Bus,8.0,1.44,9,46,87,114,0
veh5998672,Bus,8.0,1.44,19,46,87,114,0
veh2060411,Bus,8.0,1.5,18,15,4,178,0
veh2716200,Bus,8.0,1.55,18,26,87,56,1
veh3846338,Bus,8.0,1.34,17,12,202,175,0
veh5531483,Bus,8.0,1.69,6,52,174,201,0
veh94222,Bus,8.0,1.69,10,2,86,33,1
veh2999899,Bus,8.0,1.28,22,11,29,186,1
veh6560587,Bus,8.0,1.27,17,47,215,41,0
veh4969695,Bus,7.99,1.21,17,45,207,33,0
veh1032172,Bus,8.0,1.74,10,32,86,59,0
veh2810811,Bus,7.99,1.21,19,2,230,56,0
veh3096127,Bus,8.0,1.55,9,4,144,41,1
veh2905406,Bus,8.0,1.4,19,30,145,172,0
veh1966399,Bus,7.99,1.22,5,45,207,33,0
veh4592006,Bus,7.99,1.15,19,6,87,41,1
veh376776,Bus,8.0,1.55,19,4,144,41,1
veh1127878,Bus,8.0,1.38,12,31,29,201,1
veh5065490,Bus,7.99,1.22,13,45,207,33,0
veh6186815,Bus,7.99,1.28,13,47,215,41,0
veh94305,Bus,8.0,1.65,18,24,144,178,1
veh1032203,Bus,7.99,1.38,14,31,29,201,1
veh4124081,Bus,7.98,1.28,15,47,215,41,0
veh1688002,Bus,8.0,1.27,6,11,29,186,1
veh2439568,Bus,7.98,1.24,13,45,207,33,0
veh282799,Bus,8.0,1.28,16,11,29,186,1
veh4313501,Bus,8.0,1.55,21,4,144,41,1
veh6377310,Bus,8.0,1.37,16,32,27,201,0
veh2154548,Bus,8.0,1.34,22,12,202,175,0
veh3096213,Bus,8.0,1.22,17,2,230,56,0
veh6186792,Bus,7.99,1.34,10,32,27,201,0
veh4030210,Bus,8.0,1.65,7,24,144,178,1
veh4218646,Bus,7.99,1.16,4,6,87,41,1
veh565884,Bus,8.0,1.65,21,24,144,178,1
veh3468091,Bus,8.0,1.45,5,46,87,114,0
veh4502724,Bus,8.0,1.35,6,17,12,186,0
veh6092285,Bus,8.0,1.71,9,54,144,117,0
veh3846340,Bus,8.0,1.21,17,45,207,33,0
veh937528,Bus,8.0,1.7,4,52,174,201,0
veh4218839,Bus,7.99,1.21,21,2,230,56,0
veh6281322,Bus,8.0,1.38,22,32,27,201,0
veh3752714,Bus,8.0,1.71,7,2,86,33,1
veh6092264,Bus,8.0,1.69,8,52,174,201,0
veh2532464,Bus,7.99,1.27,11,47,215,41,0
veh6470395,Bus,8.0,1.38,10,31,29,201,1
veh3752819,Bus,8.0,1.38,16,17,12,186,0
veh3563097,Bus,7.99,1.66,7,22,174,48,1
veh5248238,Bus,8.0,1.21,5,2,230,56,0
veh4502836,Bus,8.0,1.37,16,17,12,186,0
veh3752696,Bus,7.99,1.28,5,47,215,41,0
veh2999757,Bus,8.0,1.39,9,31,29,201,1
veh1594228,Bus,8.0,1.71,14,2,86,33,1
veh2532475,Bus,8.0,1.4,13,30,145,172,0
veh5342312,Bus,8.0,1.69,8,52,174,201,0
veh6281223,Bus,8.0,1.38,14,31,29,201,1
veh1310842,Bus,8.0,1.5,7,4,144,41,1
veh5158823,Bus,8.0,1.74,6,32,86,59,0
veh5342352,Bus,8.0,1.52,11,4,144,41,1
veh6470331,Bus,8.0,1.7,4,2,86,33,1
veh4875055,Bus,7.99,1.69,4,52,174,201,0
veh3189561,Bus,7.99,1.69,6,2,86,33,1
veh5531637,Bus,8.0,1.67,19,24,144,178,1
veh6560628,Bus,8.0,1.44,21,46,87,114,0
veh1032296,Bus,8.0,1.69,22,52,174,201,0
veh5437051,Bus,8.0,1.65,19,24,144,178,1
veh5626544,Bus,8.0,1.22,11,45,207,33,0
veh655044,Bus,8.0,1.38,6,17,12,186,0
veh565825,Bus,8.0,1.74,16,32,86,59,0
veh5437081,Bus,8.0,1.74,22,32,86,59,0
veh1127920,Bus,8.0,1.74,16,32,86,59,0
veh4781161,Bus,8.0,1.38,12,17,12,186,0
veh4969607,Bus,8.0,1.57,9,22,174,48,1
veh1405272,Bus,8.0,1.57,17,22,174,48,1
veh937533,Bus,8.0,1.65,5,24,144,178,1
veh1221730,Bus,8.0,1.38,9,31,29,201,1
veh1499400,Bus,8.0,1.55,18,26,87,56,1
veh1127921,Bus,7.99,1.38,16,17,12,186,0
veh3189578,Bus,8.0,1.21,7,45,207,33,0
veh5626590,Bus,8.0,1.37,16,17,12,186,0
veh3468225,Bus,8.0,1.4,17,30,145,172,0
veh6560527,Bus,8.0,1.27,11,47,215,41,0
veh844010,Bus,8.0,1.7,18,2,86,33,1
veh3657061,Bus,8.0,1.57,19,22,174,48,1
veh3374198,Bus,8.0,1.71,14,2,86,33,1
veh5248409,Bus,7.99,1.39,20,17,12,186,0
veh6377203,Bus,8.0,1.7,7,2,86,33,1
veh6281188,Bus,8.0,1.16,10,6,87,41,1
veh4124055,Bus,8.0,1.38,13,30,145,172,0
veh937535,Bus,7.98,1.21,5,45,207,33,0
veh5248272,Bus,8.0,1.55,8,4,144,41,1
veh5158989,Bus,8.0,1.38,20,32,27,201,0
veh5815058,Bus,8.0,1.74,10,32,86,59,0
veh282796,Bus,8.0,1.28,15,47,215,41,0
veh2999818,Bus,8.0,1.35,15,11,29,186,1
veh5531665,Bus,8.0,1.69,22,52,174,201,0
veh937675,Bus,7.99,1.15,18,6,87,41,1
veh2154389,Bus,8.0,1.69,8,52,174,201,0
veh1405184,Bus,7.99,1.34,9,11,29,186,1
veh2439564,Bus,8.0,1.5,13,4,144,41,1
veh1688008,Bus,8.0,1.74,6,32,86,59,0
veh2154399,Bus,8.0,1.35,9,11,29,186,1
veh2060451,Bus,8.0,1.69,22,2,86,33,1
veh2999873,Bus,8.0,1.55,19,4,144,41,1
veh6377298,Bus,8.0,1.27,15,47,215,41,0
veh1783678,Bus,8.0,1.7,8,54,144,117,0
veh282704,Bus,8.0,1.66,7,24,144,178,1
veh4781119,Bus,8.0,1.37,8,32,27,201,0
veh1032166,Bus,8.0,1.38,10,31,29,201,1
veh6560556,Bus,8.0,1.35,15,11,29,186,1
veh1594180,Bus,8.0,1.55,9,4,144,41,1
veh5158996,Bus,8.0,1.71,21,54,144,117,0
veh1221841,Bus,8.0,1.45,19,46,87,114,0
veh2249011,Bus,8.0,1.28,8,11,29,186,1
veh2622206,Bus,8.0,1.54,8,26,87,56,1
veh4686812,Bus,7.99,1.16,14,6,87,41,1
veh1221844,Bus,8.0,1.69,19,2,86,33,1
veh2249143,Bus,8.0,1.73,19,32,86,59,0
veh6186790,Bus,8.0,1.38,10,17,12,186,0
veh4218678,Bus,7.99,1.28,7,47,215,41,0
veh2999744,Bus,8.0,1.44,8,46,87,114,0
veh472761,Bus,8.0,1.33,19,12,202,175,0
veh3279436,Bus,8.0,1.39,7,31,29,201,1
veh655213,Bus,8.0,1.55,21,4,144,41,1
veh1032105,Bus,8.0,1.57,5,22,174,48,1
veh6186768,Bus,8.0,1.15,9,6,87,41,1
veh1032219,Bus,8.0,1.71,15,54,144,117,0
veh3563243,Bus,8.0,1.33,19,12,202,175,0
veh4502756,Bus,7.99,1.3,9,11,29,186,1
veh94270,Bus,8.0,1.71,15,54,144,117,0
veh4502892,Bus,8.0,1.57,21,22,174,48,1
veh2154423,Bus,7.98,1.38,10,17,12,186,0
veh1594264,Bus,8.0,1.28,17,47,215,41,0
veh3846270,Bus,7.98,1.37,10,17,12,186,0
veh2622363,Bus,8.0,1.38,22,31,29,201,1
veh5904214,Bus,8.0,1.15,9,6,87,41,1
veh5531513,Bus,8.0,1.65,8,24,144,178,1
veh3096189,Bus,8.0,1.21,15,45,207,33,0
veh4875161,Bus,8.0,1.69,14,2,86,33,1
veh3374128,Bus,8.0,1.55,8,26,87,56,1
veh472786,Bus,8.0,1.4,22,51,29,56,0
veh5158974,Bus,8.0,1.55,19,4,144,41,1
veh3189555,Bus,8.0,1.21,5,2,230,56,0
veh3563248,Bus,8.0,1.4,20,51,29,56,0
veh6281239,Bus,8.0,1.71,15,54,144,117,0
veh6560615,Bus,7.99,1.27,19,47,215,41,0
veh4502853,Bus,8.0,1.4,18,51,29,56,0
veh4030355,Bus,8.0,1.22,19,2,230,56,0
veh4781238,Bus,8.0,1.65,19,24,144,178,1
veh4218784,Bus,8.0,1.4,17,30,145,172,0
veh4409525,Bus,8.0,1.44,11,46,87,114,0
veh5815054,Bus,7.99,1.16,10,6,87,41,1
veh6186730,Bus,8.0,1.69,6,52,174,201,0
veh6377238,Bus,7.99,1.66,9,24,144,178,1
veh1783757,Bus,8.0,1.39,16,51,29,56,0
veh2060423,Bus,8.0,1.7,19,54,144,117,0
veh1966455,Bus,8.0,1.21,9,45,207,33,0
veh2060452,Bus,8.0,1.74,22,32,86,59,0
veh4313499,Bus,7.99,1.4,21,30,145,172,0
veh749550,Bus,7.99,1.55,17,4,144,41,1
veh4969740,Bus,8.0,1.7,21,54,144,117,0
veh5342462,Bus,8.0,1.27,21,47,215,41,0
veh4409493,Bus,8.0,1.71,8,54,144,117,0
veh2999839,Bus,8.0,1.39,17,31,29,201,1
veh655072,Bus,8.0,1.33,8,12,202,175,0
veh5531607,Bus,8.0,1.55,17,22,174,48,1
veh188344,Bus,8.0,1.69,10,2,86,33,1
veh4218845,Bus,8.0,1.74,22,32,86,59,0
veh6470508,Bus,8.0,1.33,20,12,202,175,0
veh1405197,Bus,7.99,1.28,9,47,215,41,0
veh6092352,Bus,8.0,1.71,16,2,86,33,1
veh1877288,Bus,8.0,1.35,16,11,29,186,1
veh5248257,Bus,8.0,1.65,7,24,144,178,1
veh565726,Bus,8.0,1.33,7,12,202,175,0
veh4781101,Bus,8.0,1.28,7,47,215,41,0
veh2343494,Bus,7.99,1.5,14,15,4,178,0
veh1405334,Bus,8.0,1.34,22,17,12,186,0
veh4502829,Bus,7.99,1.35,16,11,29,186,1
veh3096245,Bus,8.0,1.54,20,26,87,56,1
veh3656966,Bus,8.0,1.55,10,26,87,56,1
veh4124036,Bus,8.0,1.49,10,15,4,178,0
veh2716150,Bus,8.0,1.28,13,47,215,41,0
veh565784,Bus,8.0,1.4,12,51,29,56,0
veh3752879,Bus,7.99,1.28,21,47,215,41,0
veh2154447,Bus,8.0,1.7,13,54,144,117,0
veh1032137,Bus,8.0,1.54,8,26,87,56,1
veh2810824,Bus,8.0,1.57,21,22,174,48,1
veh2716092,Bus,8.0,1.69,8,2,86,33,1
veh2249100,Bus,8.0,1.28,16,11,29,186,1
veh3374203,Bus,7.99,1.35,15,11,29,186,1
veh2905351,Bus,8.0,1.74,14,32,86,59,0
veh4686804,Bus,8.0,1.66,13,24,144,178,1
veh4409641,Bus,8.0,1.27,22,11,29,186,1
veh3656970,Bus,8.0,1.33,10,12,202,175,0
veh188456,Bus,8.0,1.38,21,31,29,201,1
veh282743,Bus,8.0,1.4,10,51,29,56,0
veh3189571,Bus,8.0,1.71,7,2,86,33,1
veh937643,Bus,8.0,1.67,15,22,174,48,1
veh4781154,Bus,8.0,1.23,11,45,207,33,0
veh4686764,Bus,8.0,1.69,9,2,86,33,1
veh5065560,Bus,8.0,1.33,19,12,202,175,0
veh3189685,Bus,8.0,1.55,17,4,144,41,1
veh2154521,Bus,8.0,1.22,19,45,207,33,0
veh472607,Bus,8.0,1.74,6,32,86,59,0
veh4409540,Bus,8.0,1.5,12,15,4,178,0
veh5248267,Bus,8.0,1.44,8,46,87,114,0
veh1594256,Bus,8.0,1.54,17,26,87,56,1
veh4969698,Bus,8.0,1.4,18,51,29,56,0
veh2060304,Bus,8.0,1.35,9,11,29,186,1
veh2810726,Bus,8.0,1.4,12,51,29,56,0
veh472643,Bus,8.0,1.16,9,6,87,41,1
veh1783803,Bus,8.0,1.33,19,12,202,175,0
veh3279475,Bus,8.0,1.65,9,24,144,178,1
veh2248993,Bus,8.0,1.74,6,32,86,59,0
veh5158967,Bus,8.0,1.16,19,6,87,41,1
veh3468269,Bus,8.0,1.48,20,15,4,178,0
veh1594197,Bus,7.99,1.38,10,32,27,201,0
veh5815029,Bus,8.0,1.55,8,4,144,41,1
veh5065487,Bus,8.0,1.66,13,24,144,178,1
veh6281261,Bus,8.0,1.7,17,54,144,117,0
veh4218818,Bus,8.0,1.28,19,47,215,41,0
veh1783652,Bus,7.99,1.49,6,15,4,178,0
veh1405165,Bus,7.99,1.28,7,47,215,41,0
veh188296,Bus,8.0,1.4,7,30,145,172,0
veh937578,Bus,8.0,1.38,9,31,29,201,1
veh4218836,Bus,8.0,1.7,21,54,144,117,0
veh5904168,Bus,8.0,1.66,5,24,144,178,1
veh5248326,Bus,8.0,1.62,13,24,144,178,1
veh94310,Bus,8.0,1.39,19,31,29,201,1
veh655172,Bus,7.98,1.28,18,11,29,186,1
veh5065452,Bus,8.0,1.33,9,12,202,175,0
veh1966592,Bus,8.0,1.5,22,15,4,178,0
veh4781200,Bus,7.99,1.38,16,17,12,186,0
veh655088,Bus,8.0,1.33,9,12,202,175,0
veh749497,Bus,8.0,1.28,12,11,29,186,1
veh5158983,Bus,8.0,1.16,20,6,87,41,1
veh4686746,Bus,8.0,1.38,8,30,145,172,0
veh4875129,Bus,8.0,1.49,10,15,4,178,0
veh1877275,Bus,7.99,1.5,14,15,4,178,0
veh5065488,Bus,8.0,1.7,13,54,144,117,0
veh1688178,Bus,8.0,1.57,21,22,174,48,1
veh843991,Bus,8.0,1.38,16,32,27,201,0
veh1594141,Bus,7.98,1.38,6,32,27,201,0
veh5721677,Bus,8.0,1.22,19,45,207,33,0
veh2716239,Bus,8.0,1.62,21,24,144,178,1
veh282745,Bus,8.0,1.55,10,26,87,56,1
veh843911,Bus,7.99,1.15,9,6,87,41,1
veh472613,Bus,8.0,1.44,7,46,87,114,0
veh3374223,Bus,8.0,1.38,16,32,27,201,0
veh376762,Bus,8.0,1.55,18,4,144,41,1
veh4124023,Bus,8.0,1.33,9,12,202,175,0
veh3189610,Bus,8.0,1.22,9,45,207,33,0
veh1877293,Bus,8.0,1.69,16,2,86,33,1
veh4030327,Bus,8.0,1.21,17,2,230,56,0
veh1499443,Bus,7.98,1.22,21,2,230,56,0
veh6560621,Bus,8.0,1.55,20,26,87,56,1
veh1032278,Bus,8.0,1.69,20,52,174,201,0
veh5626625,Bus,8.0,1.69,19,2,86,33,1
veh5158838,Bus,7.99,1.28,7,47,215,41,0
veh4218772,Bus,8.0,1.16,16,6,87,41,1
veh2343534,Bus,8.0,1.69,18,52,174,201,0
veh3935949,Bus,8.0,1.49,6,15,4,178,0
veh2716141,Bus,8.0,1.74,12,32,86,59,0
veh2622278,Bus,8.0,1.37,14,17,12,186,0
veh3936118,Bus,8.0,1.66,21,24,144,178,1
veh94245,Bus,8.0,1.4,13,30,145,172,0
veh1877301,Bus,7.99,1.44,17,46,87,114,0
veh376767,Bus,7.99,1.38,18,32,27,201,0
veh2810664,Bus,8.0,1.74,7,32,86,59,0
veh3935953,Bus,8.0,1.4,7,30,145,172,0
veh565883,Bus,8.0,1.54,21,4,144,41,1
veh2622323,Bus,8.0,1.62,18,24,144,178,1
veh5626641,Bus,8.0,1.49,20,15,4,178,0
veh1594127,Bus,8.0,1.65,5,24,144,178,1
veh5904308,Bus,7.99,1.27,18,11,29,186,1
veh5626636,Bus,8.0,1.16,20,6,87,41,1
veh5158979,Bus,8.0,1.21,19,45,207,33,0
veh2810808,Bus,8.0,1.33,19,12,202,175,0
veh1127888,Bus,8.0,1.66,13,24,144,178,1
veh6281251,Bus,8.0,1.5,16,15,4,178,0
veh1310943,Bus,8.0,1.69,16,2,86,33,1
veh4502807,Bus,8.0,1.21,13,2,230,56,0
veh5342296,Bus,8.0,1.66,7,22,174,48,1
veh4591915,Bus,8.0,1.54,10,26,87,56,1
veh1594231,Bus,8.0,1.5,14,15,4,178,0
veh376723,Bus,8.0,1.44,15,46,87,114,0
veh282860,Bus,7.99,1.44,21,46,87,114,0
veh2716069,Bus,7.99,1.38,6,17,12,186,0
veh5815014,Bus,8.0,1.66,7,24,144,178,1
veh472792,Bus,8.0,1.5,22,15,4,178,0
veh2716234,Bus,8.0,1.38,21,31,29,201,1
veh6092293,Bus,8.0,1.54,10,26,87,56,1
veh6377371,Bus,8.0,1.28,22,11,29,186,1
veh3279581,Bus,8.0,1.74,19,32,86,59,0
veh5626526,Bus,8.0,1.39,10,31,29,201,1
veh3279530,Bus,8.0,1.4,15,30,145,172,0
veh3189670,Bus,7.99,1.4,16,51,29,56,0
veh3096161,Bus,8.0,1.38,12,32,27,201,0
veh565796,Bus,7.99,1.22,13,45,207,33,0
veh2999786,Bus,8.0,1.55,11,4,144,41,1
veh1688130,Bus,8.0,1.57,17,22,174,48,1
veh5815010,Bus,8.0,1.66,7,22,174,48,1
veh2439668,Bus,7.99,1.39,22,17,12,186,0
veh844048,Bus,8.0,1.71,21,54,144,117,0
veh4218788,Bus,8.0,1.71,17,54,144,117,0
veh6560521,Bus,8.0,1.44,11,46,87,114,0
veh749437,Bus,8.0,1.74,7,32,86,59,0
veh5815057,Bus,7.99,1.7,10,2,86,33,1
veh5815118,Bus,7.99,1.38,16,32,27,201,0
veh6560637,Bus,8.0,1.28,22,11,29,186,1
veh5065505,Bus,8.0,1.4,15,30,145,172,0
veh4502712,Bus,8.0,1.65,5,24,144,178,1
veh1594165,Bus,7.99,1.62,8,24,144,178,1
veh565830,Bus,8.0,1.15,17,6,87,41,1
veh4313484,Bus,8.0,1.33,19,12,202,175,0
veh4124133,Bus,7.99,1.22,19,45,207,33,0
veh749592,Bus,8.0,1.49,20,15,4,178,0
veh472720,Bus,8.0,1.73,16,32,86,59,0
veh4218740,Bus,7.99,1.37,12,32,27,201,0
veh1966553,Bus,8.0,1.44,19,46,87,114,0
veh5815126,Bus,8.0,1.66,17,24,144,178,1
veh5626480,Bus,7.99,1.38,6,32,27,201,0
veh4030202,Bus,7.99,1.38,6,32,27,201,0
veh4969645,Bus,8.0,1.4,13,30,145,172,0
veh749474,Bus,8.0,1.27,9,47,215,41,0
veh2532526,Bus,8.0,1.21,17,2,230,56,0
veh2810783,Bus,7.99,1.22,17,2,230,56,0
veh1783770,Bus,8.0,1.4,17,30,145,172,0
veh4686878,Bus,8.0,1.27,19,47,215,41,0
veh4124087,Bus,8.0,1.55,16,26,87,56,1
veh376800,Bus,7.99,1.22,21,45,207,33,0
veh188311,Bus,7.99,1.44,8,46,87,114,0
veh5998665,Bus,8.0,1.71,18,54,144,117,0
veh1594298,Bus,8.0,1.55,20,26,87,56,1
veh4030282,Bus,8.0,1.21,13,45,207,33,0
veh5437036,Bus,8.0,1.55,18,4,144,41,1
veh2060272,Bus,8.0,1.38,6,17,12,186,0
veh2622318,Bus,8.0,1.55,18,26,87,56,1
veh5342402,Bus,7.99,1.38,16,17,12,186,0
veh2249052,Bus,8.0,1.49,10,15,4,178,0
veh4218753,Bus,8.0,1.55,14,26,87,56,1
veh1221797,Bus,8.0,1.65,15,24,144,178,1
veh4781171,Bus,7.98,1.21,13,2,230,56,0
veh3935956,Bus,8.0,1.74,7,32,86,59,0
veh6186776,Bus,8.0,1.65,9,24,144,178,1
veh2716240,Bus,8.0,1.71,21,54,144,117,0
veh5248349,Bus,8.0,1.27,15,47,215,41,0
veh2622368,Bus,8.0,1.33,22,12,202,175,0
veh6470496,Bus,8.0,1.55,19,4,144,41,1
veh188337,Bus,8.0,1.22,9,45,207,33,0
veh5158852,Bus,8.0,1.7,8,54,144,117,0
veh2060322,Bus,7.99,1.16,10,6,87,41,1
veh1499411,Bus,8.0,1.16,19,6,87,41,1
veh1221845,Bus,8.0,1.74,19,32,86,59,0
veh4313391,Bus,8.0,1.44,11,46,87,114,0
veh843992,Bus,8.0,1.39,17,31,29,201,1
veh5065473,Bus,8.0,1.27,11,47,215,41,0
veh1310970,Bus,8.0,1.7,18,54,144,117,0
veh5531498,Bus,8.0,1.71,7,54,144,117,0
veh1127840,Bus,7.98,1.37,8,32,27,201,0
veh2716062,Bus,7.99,1.4,6,51,29,56,0
veh376755,Bus,8.0,1.28,18,11,29,186,1
veh937539,Bus,8.0,1.16,6,6,87,41,1
veh5248315,Bus,8.0,1.35,12,11,29,186,1
veh4124018,Bus,8.0,1.71,9,2,86,33,1
veh749454,Bus,8.0,1.55,8,4,144,41,1
veh6186859,Bus,7.99,1.28,17,47,215,41,0
veh843886,Bus,8.0,1.55,7,4,144,41,1
veh5904305,Bus,8.0,1.27,17,47,215,41,0
veh3752773,Bus,7.99,1.22,11,45,207,33,0
veh2810671,Bus,8.0,1.21,7,2,230,56,0
veh3279563,Bus,7.99,1.15,18,6,87,41,1
veh4969594,Bus,7.99,1.5,8,4,144,41,1
veh2716180,Bus,8.0,1.74,16,32,86,59,0
veh376712,Bus,7.99,1.38,14,31,29,201,1
veh5437044,Bus,8.0,1.54,19,26,87,56,1
veh6281157,Bus,8.0,1.55,8,26,87,56,1
veh5998604,Bus,8.0,1.4,13,30,145,172,0
veh2622345,Bus,7.99,1.16,20,6,87,41,1
veh5626530,Bus,8.0,1.69,10,52,174,201,0
veh3935937,Bus,7.99,1.28,5,47,215,41,0
veh4781103,Bus,8.0,1.21,7,2,230,56,0
veh2905371,Bus,8.0,1.71,16,2,86,33,1
veh3563261,Bus,8.0,1.66,21,24,144,178,1
veh6470377,Bus,8.0,1.5,8,15,4,178,0
veh1877263,Bus,8.0,1.7,13,54,144,117,0
veh5436888,Bus,8.0,1.57,5,22,174,48,1
veh5904343,Bus,7.98,1.49,20,15,4,178,0
veh3279582,Bus,8.0,1.5,19,4,144,41,1
veh3374256,Bus,8.0,1.68,19,2,86,33,1
veh1594171,Bus,8.0,1.35,9,11,29,186,1
veh2622360,Bus,8.0,1.22,21,45,207,33,0
veh4124162,Bus,8.0,1.49,22,15,4,178,0
veh2622168,Bus,8.0,1.16,4,6,87,41,1
veh4409594,Bus,7.99,1.28,18,11,29,186,1
veh6281219,Bus,7.96,1.27,13,47,215,41,0
veh2999904,Bus,8.0,1.74,22,32,86,59,0
veh1783774,Bus,8.0,1.71,17,54,144,117,0
veh655180,Bus,8.0,1.66,18,24,144,178,1
veh3374237,Bus,7.99,1.28,18,11,29,186,1
veh1405177,Bus,8.0,1.51,8,4,144,41,1
veh5531612,Bus,8.0,1.28,17,47,215,41,0
veh2439609,Bus,8.0,1.71,17,54,144,117,0
veh5815005,Bus,7.99,1.5,6,15,4,178,0
veh4686741,Bus,8.0,1.28,8,11,29,186,1
veh1783726,Bus,8.0,1.37,12,32,27,201,0
veh5158914,Bus,8.0,1.71,14,2,86,33,1
veh1499415,Bus,8.0,1.66,19,22,174,48,1
veh5998523,Bus,8.0,1.54,6,26,87,56,1
veh937531,Bus,8.0,1.4,5,30,145,172,0
veh2154420,Bus,7.99,1.71,10,2,86,33,1
veh2249142,Bus,8.0,1.69,19,2,86,33,1
veh1688192,Bus,7.99,1.37,22,17,12,186,0
veh2905242,Bus,8.0,1.16,4,6,87,41,1
veh376735,Bus,8.0,1.54,16,26,87,56,1
veh2622352,Bus,8.0,1.38,21,31,29,201,1
veh1127884,Bus,8.0,1.38,12,32,27,201,0
veh376630,Bus,8.0,1.38,7,31,29,201,1
veh2439490,Bus,8.0,1.44,7,46,87,114,0
veh2439472,Bus,8.0,1.41,5,30,145,172,0
veh2343387,Bus,8.0,1.44,5,46,87,114,0
veh94249,Bus,8.0,1.7,13,54,144,117,0
veh937669,Bus,8.0,1.33,17,12,202,175,0
veh3563079,Bus,8.0,1.65,5,24,144,178,1
veh5626612,Bus,8.0,1.74,18,32,86,59,0
veh1688170,Bus,8.0,1.69,20,52,174,201,0
veh2622337,Bus,8.0,1.61,19,24,144,178,1
veh4592025,Bus,8.0,1.33,20,12,202,175,0
veh2439641,Bus,8.0,1.21,19,2,230,56,0
veh6186766,Bus,8.0,1.35,9,11,29,186,1
veh6092379,Bus,8.0,1.71,18,54,144,117,0
veh655034,Bus,8.0,1.22,5,45,207,33,0
veh5904162,Bus,8.0,1.55,4,26,87,56,1
veh472756,Bus,8.0,1.7,19,2,86,33,1
veh4969600,Bus,8.0,1.37,8,32,27,201,0
veh3096131,Bus,8.0,1.29,9,47,215,41,0
veh5437013,Bus,8.0,1.34,16,17,12,186,0
veh2532555,Bus,8.0,1.29,20,11,29,186,1
veh655204,Bus,8.0,1.69,20,52,174,201,0
veh3935959,Bus,7.99,1.71,7,54,144,117,0
veh94342,Bus,7.98,1.23,21,45,207,33,0
veh6092410,Bus,7.99,1.57,21,22,174,48,1
veh1405312,Bus,8.0,1.69,20,52,174,201,0
veh3752788,Bus,7.99,1.28,13,47,215,41,0
veh3846360,Bus,8.0,1.57,19,22,174,48,1
veh5721600,Bus,8.0,1.66,13,22,174,48,1
veh4591944,Bus,8.0,1.71,13,54,144,117,0
veh3846364,Bus,8.0,1.65,19,24,144,178,1
veh5626467,Bus,8.0,1.28,5,47,215,41,0
veh565817,Bus,8.0,1.22,15,45,207,33,0
veh2810712,Bus,8.0,1.38,10,17,12,186,0
veh5998547,Bus,8.0,1.54,8,26,87,56,1
veh5626468,Bus,7.99,1.23,5,45,207,33,0
veh2532532,Bus,8.0,1.71,18,2,86,33,1
veh749523,Bus,8.0,1.35,15,11,29,186,1
veh1966586,Bus,8.0,1.4,22,51,29,56,0
veh5065584,Bus,8.0,1.38,22,31,29,201,1
veh2249065,Bus,8.0,1.4,12,51,29,56,0
veh5531505,Bus,8.0,1.15,8,6,87,41,1
veh5065571,Bus,8.0,1.49,20,15,4,178,0
veh1310891,Bus,8.0,1.38,10,32,27,201,0
veh749419,Bus,7.99,1.23,5,45,207,33,0
veh4030360,Bus,8.0,1.69,20,52,174,201,0
veh3657088,Bus,8.0,1.21,21,45,207,33,0
veh472736,Bus,7.99,1.21,17,2,230,56,0
veh1688049,Bus,8.0,1.7,9,2,86,33,1
veh2532442,Bus,8.0,1.7,9,54,144,117,0
veh6092344,Bus,7.99,1.27,15,47,215,41,0
veh3563129,Bus,8.0,1.57,9,22,174,48,1
veh5158806,Bus,8.0,1.16,4,6,87,41,1
veh1221781,Bus,7.99,1.29,14,11,29,186,1
veh2716168,Bus,8.0,1.55,15,4,144,41,1
veh5248245,Bus,8.0,1.74,6,32,86,59,0
veh6377275,Bus,8.0,1.66,13,24,144,178,1
veh5248354,Bus,8.0,1.16,16,6,87,41,1
veh1221833,Bus,8.0,1.63,18,24,144,178,1
veh5815039,Bus,7.99,1.55,9,26,87,56,1
veh188339,Bus,7.99,1.38,10,31,29,201,1
veh1688051,Bus,8.0,1.55,9,4,144,41,1
veh188306,Bus,8.0,1.21,7,2,230,56,0
veh472706,Bus,8.0,1.4,15,30,145,172,0
veh5721564,Bus,8.0,1.55,9,4,144,41,1
veh2249033,Bus,8.0,1.57,9,22,174,48,1
veh3468190,Bus,8.0,1.27,14,11,29,186,1
veh6560481,Bus,8.0,1.55,8,26,87,56,1
veh1310847,Bus,7.98,1.22,7,45,207,33,0
veh2622332,Bus,8.0,1.4,19,30,145,172,0
veh472693,Bus,8.0,1.28,14,11,29,186,1
veh3468197,Bus,7.99,1.38,14,17,12,186,0
veh472620,Bus,8.0,1.71,7,54,144,117,0
veh94263,Bus,7.99,1.29,15,11,29,186,1
veh5531554,Bus,8.0,1.21,11,2,230,56,0
veh3374194,Bus,8.0,1.39,14,31,29,201,1
veh1594247,Bus,8.0,1.55,16,26,87,56,1
veh565777,Bus,8.0,1.66,11,24,144,178,1
veh3189547,Bus,8.0,1.69,4,52,174,201,0
veh4686709,Bus,8.0,1.71,4,2,86,33,1
veh2999815,Bus,7.99,1.37,14,17,12,186,0
veh2343462,Bus,8.0,1.4,11,30,145,172,0
veh2905267,Bus,8.0,1.55,7,22,174,48,1
veh6377305,Bus,8.0,1.69,16,52,174,201,0
veh4218807,Bus,8.0,1.15,19,6,87,41,1
veh3752859,Bus,8.0,1.33,19,12,202,175,0
veh6470381,Bus,7.98,1.15,9,6,87,41,1
veh5626589,Bus,8.0,1.74,16,32,86,59,0
veh6560570,Bus,8.0,1.54,16,26,87,56,1
veh2716113,Bus,8.0,1.33,9,12,202,175,0
veh4409563,Bus,8.0,1.4,15,30,145,172,0
veh1405168,Bus,8.0,1.26,8,11,29,186,1
veh4875134,Bus,7.99,1.55,11,4,144,41,1
veh1499387,Bus,8.0,1.44,17,46,87,114,0
veh4409600,Bus,8.0,1.74,18,32,86,59,0
veh5721674,Bus,8.0,1.7,19,54,144,117,0
veh3846380,Bus,8.0,1.44,21,46,87,114,0
veh2999841,Bus,8.0,1.54,17,26,87,56,1
veh2999822,Bus,8.0,1.66,15,22,174,48,1
veh2810687,Bus,8.0,1.38,8,32,27,201,0
veh2622344,Bus,8.0,1.4,20,51,29,56,0
veh4781069,Bus,8.0,1.16,4,6,87,41,1
veh937660,Bus,8.0,1.38,17,31,29,201,1
veh2249030,Bus,8.0,1.54,9,26,87,56,1
veh5437076,Bus,8.0,1.27,22,11,29,186,1
veh5998535,Bus,8.0,1.71,7,2,86,33,1
veh1966548,Bus,8.0,1.5,18,15,4,178,0
veh749506,Bus,8.0,1.57,13,22,174,48,1
veh1499386,Bus,8.0,1.55,17,26,87,56,1
veh3096145,Bus,8.0,1.44,11,46,87,114,0
veh4409550,Bus,8.0,1.29,14,11,29,186,1
veh5065539,Bus,8.0,1.55,18,26,87,56,1
veh6377322,Bus,8.0,1.21,17,45,207,33,0
veh749531,Bus,7.99,1.27,15,47,215,41,0
veh1594322,Bus,8.0,1.49,22,15,4,178,0
veh1499327,Bus,8.0,1.37,10,32,27,201,0
veh1783834,Bus,7.99,1.49,22,15,4,178,0
veh5904218,Bus,8.0,1.66,9,22,174,48,1
veh1688044,Bus,7.99,1.15,9,6,87,41,1
veh2810775,Bus,8.0,1.4,17,30,145,172,0
veh1127957,Bus,8.0,1.74,19,32,86,59,0
veh3468128,Bus,7.99,1.7,8,52,174,201,0
veh2060454,Bus,7.99,1.38,22,17,12,186,0
veh4124013,Bus,7.99,1.15,9,6,87,41,1
veh188409,Bus,8.0,1.44,17,46,87,114,0
veh2532426,Bus,8.0,1.71,8,54,144,117,0
veh5248420,Bus,8.0,1.21,21,45,207,33,0
veh4030262,Bus,8.0,1.5,11,4,144,41,1
veh6377200,Bus,8.0,1.44,7,46,87,114,0
veh1311016,Bus,8.0,1.48,22,15,4,178,0
veh3563236,Bus,8.0,1.4,19,30,145,172,0
veh4969589,Bus,8.0,1.44,8,46,87,114,0
veh5531633,Bus,8.0,1.66,19,22,174,48,1
veh4030264,Bus,8.0,1.7,11,54,144,117,0
veh5904299,Bus,8.0,1.4,17,30,145,172,0
veh94333,Bus,8.0,1.38,20,32,27,201,0
veh4781092,Bus,8.0,1.44,7,46,87,114,0
veh5342446,Bus,8.0,1.28,20,11,29,186,1
veh3468272,Bus,8.0,1.45,21,46,87,114,0
veh4502778,Bus,8.0,1.74,10,32,86,59,0
veh1032127,Bus,8.0,1.55,7,4,144,41,1
veh749442,Bus,7.98,1.28,7,47,215,41,0
veh2154478,Bus,8.0,1.74,16,32,86,59,0
veh2716187,Bus,8.0,1.44,17,46,87,114,0
veh6092409,Bus,8.0,1.4,21,30,145,172,0
veh5815172,Bus,8.0,1.57,21,22,174,48,1
veh1877185,Bus,8.0,1.35,6,32,27,201,0
veh6186841,Bus,8.0,1.16,16,6,87,41,1
veh3935987,Bus,8.0,1.7,9,2,86,33,1
veh3189701,Bus,8.0,1.71,18,54,144,117,0
veh5531528,Bus,8.0,1.5,9,4,144,41,1
veh5998691,Bus,7.99,1.49,20,15,4,178,0
veh5342447,Bus,8.0,1.4,20,51,29,56,0
veh749496,Bus,7.98,1.21,11,2,230,56,0
veh2249146,Bus,8.0,1.7,19,54,144,117,0
veh5721589,Bus,7.97,1.21,11,45,207,33,0
veh2439644,Bus,8.0,1.16,20,6,87,41,1
veh565831,Bus,8.0,1.55,17,26,87,56,1
veh4124119,Bus,7.99,1.38,18,32,27,201,0
veh4686736,Bus,8.0,1.71,7,54,144,117,0
veh4218684,Bus,8.0,1.55,8,26,87,56,1
veh282834,Bus,7.99,1.38,18,32,27,201,0
veh749423,Bus,8.0,1.15,6,6,87,41,1
veh188375,Bus,8.0,1.28,14,11,29,186,1
veh5998698,Bus,7.99,1.65,21,24,144,178,1
veh2810765,Bus,8.0,1.69,16,52,174,201,0
veh5342324,Bus,8.0,1.15,9,6,87,41,1
veh3189721,Bus,8.0,1.4,20,51,29,56,0
veh2060402,Bus,7.99,1.16,18,6,87,41,1
veh1310884,Bus,8.0,1.54,10,26,87,56,1
veh2060442,Bus,7.99,1.65,21,24,144,178,1
veh6281266,Bus,8.0,1.28,18,11,29,186,1
veh3846347,Bus,8.0,1.69,18,2,86,33,1
veh1783825,Bus,7.98,1.22,21,2,230,56,0
veh4030214,Bus,7.99,1.21,7,45,207,33,0
veh4313344,Bus,8.0,1.33,7,12,202,175,0
veh2905417,Bus,8.0,1.27,20,11,29,186,1
veh5436902,Bus,8.0,1.5,6,15,4,178,0
veh2622311,Bus,8.0,1.34,17,12,202,175,0
veh5158817,Bus,8.0,1.35,6,11,29,186,1
veh3935975,Bus,8.0,1.7,8,54,144,117,0
veh6377219,Bus,8.0,1.71,8,2,86,33,1
veh6281137,Bus,8.0,1.33,6,12,202,175,0
veh5531597,Bus,8.0,1.69,16,2,86,33,1
veh4124118,Bus,7.99,1.5,18,15,4,178,0
veh2716080,Bus,8.0,1.71,7,54,144,117,0
veh376648,Bus,8.0,1.4,8,30,145,172,0
veh6377338,Bus,8.0,1.15,19,6,87,41,1
veh5436974,Bus,7.99,1.38,12,17,12,186,0
veh3096140,Bus,8.0,1.74,10,32,86,59,0
veh3096202,Bus,8.0,1.16,17,6,87,41,1
veh3657076,Bus,8.0,1.33,20,12,202,175,0
veh3657047,Bus,8.0,1.69,18,52,174,201,0
veh1966401,Bus,8.0,1.28,6,11,29,186,1
veh6470445,Bus,8.0,1.57,15,22,174,48,1
veh1594216,Bus,8.0,1.57,13,22,174,48,1
veh3656985,Bus,8.0,1.4,12,51,29,56,0
veh3846223,Bus,8.0,1.55,7,4,144,41,1
veh4591859,Bus,8.0,1.54,6,26,87,56,1
veh2716086,Bus,8.0,1.4,8,51,29,56,0
veh4591920,Bus,8.0,1.35,10,17,12,186,0
veh3189591,Bus,8.0,1.71,8,54,144,117,0
veh4686710,Bus,8.0,1.44,5,46,87,114,0
veh1783773,Bus,8.0,1.66,17,24,144,178,1
veh1127988,Bus,8.0,1.71,22,2,86,33,1
veh4124151,Bus,8.0,1.27,21,47,215,41,0
veh188410,Bus,8.0,1.4,17,30,145,172,0
veh1877212,Bus,8.0,1.37,8,17,12,186,0
veh2622331,Bus,8.0,1.45,19,46,87,114,0
veh1127958,Bus,8.0,1.54,19,4,144,41,1
veh6560634,Bus,8.0,1.28,21,47,215,41,0
veh5531645,Bus,8.0,1.15,20,6,87,41,1
veh3563146,Bus,8.0,1.34,10,12,202,175,0
veh472775,Bus,8.0,1.44,21,46,87,114,0
veh3563144,Bus,8.0,1.69,10,2,86,33,1
veh282759,Bus,7.99,1.27,11,47,215,41,0
veh3374146,Bus,8.0,1.41,9,30,145,172,0
veh1594200,Bus,8.0,1.57,11,22,174,48,1
veh565795,Bus,7.98,1.28,13,47,215,41,0
veh2154390,Bus,8.0,1.71,8,2,86,33,1
veh2532490,Bus,8.0,1.38,14,17,12,186,0
veh1221786,Bus,8.0,1.71,14,2,86,33,1
veh4781181,Bus,7.99,1.37,14,32,27,201,0
veh4781249,Bus,8.0,1.33,20,12,202,175,0
veh843912,Bus,7.99,1.55,9,26,87,56,1
veh6281150,Bus,8.0,1.33,7,12,202,175,0
veh5436955,Bus,8.0,1.74,10,32,86,59,0
veh2060263,Bus,7.99,1.21,5,2,230,56,0
veh1783783,Bus,8.0,1.69,18,52,174,201,0
veh2060437,Bus,8.0,1.39,21,31,29,201,1
veh5158897,Bus,8.0,1.74,12,32,86,59,0
veh3657005,Bus,8.0,1.74,14,32,86,59,0
veh5626460,Bus,8.0,1.54,4,26,87,56,1
veh5721609,Bus,8.0,1.4,14,51,29,56,0
veh5998540,Bus,8.0,1.33,7,12,202,175,0
veh94260,Bus,8.0,1.37,14,17,12,186,0
veh2154356,Bus,8.0,1.27,5,47,215,41,0
veh2905336,Bus,7.99,1.38,12,32,27,201,0
veh4781099,Bus,8.0,1.71,7,54,144,117,0
veh4686872,Bus,8.0,1.69,19,2,86,33,1
veh3936021,Bus,7.99,1.39,12,17,12,186,0
veh4123963,Bus,8.0,1.71,4,2,86,33,1
veh4030358,Bus,8.0,1.16,20,6,87,41,1
veh1783734,Bus,8.0,1.21,13,2,230,56,0
veh6186777,Bus,8.0,1.71,9,54,144,117,0
veh188397,Bus,8.0,1.4,16,51,29,56,0
veh1783833,Bus,8.0,1.38,22,17,12,186,0
veh2439602,Bus,8.0,1.15,17,6,87,41,1
veh3936051,Bus,8.0,1.22,15,45,207,33,0
veh2249081,Bus,8.0,1.4,14,51,29,56,0
veh1405260,Bus,7.99,1.54,16,26,87,56,1
veh1221756,Bus,8.0,1.44,11,46,87,114,0
veh3752835,Bus,7.99,1.27,18,11,29,186,1
veh3279417,Bus,8.0,1.71,4,2,86,33,1
veh4686863,Bus,7.99,1.38,18,17,12,186,0
veh4409495,Bus,8.0,1.37,8,17,12,186,0
veh94350,Bus,8.0,1.33,22,12,202,175,0
veh2622364,Bus,8.0,1.4,22,51,29,56,0
veh5436971,Bus,8.0,1.39,12,51,29,56,0
veh472666,Bus,7.99,1.49,10,15,4,178,0
veh3752776,Bus,8.0,1.39,12,31,29,201,1
veh4313374,Bus,8.0,1.65,9,24,144,178,1
veh3468226,Bus,7.99,1.66,17,22,174,48,1
veh2249057,Bus,8.0,1.55,11,4,144,41,1
veh1032155,Bus,8.0,1.4,9,30,145,172,0
veh2905370,Bus,8.0,1.69,16,52,174,201,0
veh5158995,Bus,8.0,1.66,21,24,144,178,1
veh4781182,Bus,8.0,1.35,15,11,29,186,1
veh3563184,Bus,8.0,1.37,14,32,27,201,0
veh4591980,Bus,8.0,1.15,17,6,87,41,1
veh1877259,Bus,8.0,1.4,13,30,145,172,0
veh565787,Bus,7.99,1.35,12,17,12,186,0
veh3656900,Bus,8.0,1.44,5,46,87,114,0
veh6092265,Bus,8.0,1.68,8,2,86,33,1
veh2716215,Bus,8.0,1.57,19,22,174,48,1
veh2999735,Bus,8.0,1.7,7,54,144,117,0
veh1966556,Bus,8.0,1.69,19,2,86,33,1
veh3279597,Bus,7.99,1.38,20,32,27,201,0
veh4124061,Bus,8.0,1.22,13,45,207,33,0
veh2999859,Bus,8.0,1.55,18,4,144,41,1
veh4781117,Bus,7.99,1.38,8,17,12,186,0
veh2249122,Bus,7.99,1.22,17,2,230,56,0
veh2154489,Bus,8.0,1.66,17,24,144,178,1
veh5531541,Bus,7.99,1.74,10,32,86,59,0
veh3657019,Bus,8.0,1.21,15,2,230,56,0
veh188293,Bus,8.0,1.38,6,32,27,201,0
veh5531510,Bus,8.0,1.71,8,2,86,33,1
veh3657002,Bus,7.99,1.16,14,6,87,41,1
veh6186903,Bus,8.0,1.55,21,4,144,41,1
veh4313421,Bus,8.0,1.7,14,2,86,33,1
veh4030217,Bus,8.0,1.4,8,51,29,56,0
veh3279443,Bus,8.0,1.66,7,24,144,178,1
veh2060301,Bus,7.99,1.34,8,17,12,186,0
veh565712,Bus,8.0,1.74,6,32,86,59,0
veh3279608,Bus,8.0,1.28,22,11,29,186,1
veh2716250,Bus,7.99,1.34,22,12,202,175,0
veh3846213,Bus,8.0,1.33,6,12,202,175,0
veh4781228,Bus,7.99,1.38,18,32,27,201,0
veh2154427,Bus,8.0,1.4,11,30,145,172,0
veh5158991,Bus,8.0,1.44,21,46,87,114,0
veh2999758,Bus,8.0,1.15,9,6,87,41,1
veh5815155,Bus,8.0,1.71,19,54,144,117,0
veh4781172,Bus,8.0,1.27,14,11,29,186,1
veh472724,Bus,8.0,1.38,17,31,29,201,1
veh6377248,Bus,8.0,1.69,10,52,174,201,0
veh3752822,Bus,8.0,1.38,17,31,29,201,1
veh5626483,Bus,7.99,1.4,7,30,145,172,0
veh5342283,Bus,8.0,1.4,6,51,29,56,0
veh3563153,Bus,8.0,1.55,11,4,144,41,1
veh2905441,Bus,8.0,1.74,22,32,86,59,0
veh4218777,Bus,8.0,1.38,16,17,12,186,0
veh1405167,Bus,8.0,1.21,7,2,230,56,0
veh3752844,Bus,7.99,1.71,18,54,144,117,0
veh2905437,Bus,8.0,1.38,22,31,29,201,1
veh5626506,Bus,8.0,1.33,8,12,202,175,0
veh1966418,Bus,8.0,1.55,7,4,144,41,1
veh3096208,Bus,8.0,1.65,17,24,144,178,1
veh4591978,Bus,7.98,1.38,16,32,27,201,0
veh4502854,Bus,8.0,1.15,18,6,87,41,1
veh3752779,Bus,8.0,1.74,12,32,86,59,0
veh3657000,Bus,8.0,1.39,14,31,29,201,1
veh1966575,Bus,8.0,1.44,21,46,87,114,0
veh5248394,Bus,8.0,1.69,19,2,86,33,1
veh1783640,Bus,8.0,1.28,5,47,215,41,0
veh376642,Bus,8.0,1.21,7,2,230,56,0
veh2343548,Bus,8.0,1.57,19,22,174,48,1
veh937567,Bus,8.0,1.69,8,52,174,201,0
veh4030181,Bus,7.99,1.16,4,6,87,41,1
veh3468154,Bus,8.0,1.38,10,31,29,201,1
veh5531561,Bus,8.0,1.49,12,15,4,178,0
veh1877197,Bus,7.99,1.21,7,45,207,33,0
veh3656952,Bus,8.0,1.4,9,30,145,172,0
veh5904316,Bus,8.0,1.65,18,24,144,178,1
veh5626574,Bus,7.98,1.44,15,46,87,114,0
veh4124136,Bus,8.0,1.4,20,51,29,56,0
veh1688106,Bus,8.0,1.44,15,46,87,114,0
veh2622224,Bus,7.99,1.38,9,30,145,172,0
veh937526,Bus,8.0,1.16,4,6,87,41,1
veh1405255,Bus,8.0,1.22,15,45,207,33,0
veh4313349,Bus,7.99,1.4,8,51,29,56,0
veh3468265,Bus,8.0,1.54,20,26,87,56,1
veh1405143,Bus,8.0,1.21,5,2,230,56,0
veh5626624,Bus,8.0,1.57,19,22,174,48,1
veh4123990,Bus,8.0,1.71,7,54,144,117,0
veh1966529,Bus,8.0,1.57,17,22,174,48,1
veh3656964,Bus,8.0,1.4,10,51,29,56,0
veh5531625,Bus,8.0,1.34,18,17,12,186,0
veh2999817,Bus,8.0,1.37,14,32,27,201,0
veh749495,Bus,7.98,1.22,11,45,207,33,0
veh4686854,Bus,8.0,1.4,18,51,29,56,0
veh3279518,Bus,8.0,1.38,14,31,29,201,1
veh1783650,Bus,8.0,1.33,6,12,202,175,0
veh4502814,Bus,8.0,1.74,14,32,86,59,0
veh6560525,Bus,8.0,1.65,11,24,144,178,1
veh1594248,Bus,7.99,1.69,16,52,174,201,0
veh4591979,Bus,7.99,1.39,17,31,29,201,1
veh6377340,Bus,8.0,1.44,19,46,87,114,0
veh1221720,Bus,8.0,1.68,8,2,86,33,1
veh3468107,Bus,8.0,1.49,6,15,4,178,0
veh4313512,Bus,7.99,1.74,22,32,86,59,0
veh2716106,Bus,8.0,1.4,9,30,145,172,0
veh6092405,Bus,8.0,1.49,20,15,4,178,0
veh6092301,Bus,8.0,1.44,11,46,87,114,0
veh1783772,Bus,8.0,1.55,17,4,144,41,1
veh5998586,Bus,7.99,1.38,10,32,27,201,0
veh4592003,Bus,8.0,1.5,18,15,4,178,0
veh1688112,Bus,8.0,1.28,15,47,215,41,0
veh2622207,Bus,8.0,1.44,8,46,87,114,0
veh2716198,Bus,8.0,1.4,18,51,29,56,0
veh5815012,Bus,8.0,1.74,7,32,86,59,0
veh655144,Bus,8.0,1.66,15,24,144,178,1
veh3096218,Bus,8.0,1.69,18,52,174,201,0
veh1127850,Bus,8.0,1.5,9,4,144,41,1
veh6560597,Bus,7.99,1.55,18,4,144,41,1
veh1310831,Bus,8.0,1.74,6,32,86,59,0
veh1310995,Bus,8.0,1.33,20,17,12,186,0
veh1032142,Bus,8.0,1.74,8,32,86,59,0
veh2999751,Bus,8.0,1.7,8,54,144,117,0
veh4313467,Bus,8.0,1.55,18,4,144,41,1
veh1221750,Bus,8.0,1.7,10,2,86,33,1
veh655058,Bus,8.0,1.21,7,45,207,33,0
veh3468195,Bus,8.0,1.71,14,2,86,33,1
veh4686810,Bus,8.0,1.38,14,31,29,201,1
veh5342311,Bus,7.99,1.4,8,30,145,172,0
veh4591894,Bus,8.0,1.49,8,15,4,178,0
veh1966570,Bus,8.0,1.33,20,12,202,175,0
veh3279424,Bus,7.99,1.21,5,2,230,56,0
veh2810663,Bus,8.0,1.69,7,2,86,33,1
veh2154492,Bus,7.99,1.27,17,47,215,41,0
veh2999892,Bus,8.0,1.57,21,22,174,48,1
veh4686775,Bus,8.0,1.16,10,6,87,41,1
veh472605,Bus,8.0,1.69,6,52,174,201,0
veh3374192,Bus,7.99,1.22,13,2,230,56,0
veh2716218,Bus,8.0,1.55,19,4,144,41,1
veh655074,Bus,7.98,1.49,8,15,4,178,0
veh4502708,Bus,8.0,1.71,4,2,86,33,1
veh4591858,Bus,8.0,1.16,6,6,87,41,1
veh1221689,Bus,8.0,1.35,6,11,29,186,1
veh1221782,Bus,8.0,1.39,14,31,29,201,1
veh1221842,Bus,8.0,1.4,19,30,145,172,0
veh4969587,Bus,8.0,1.15,8,6,87,41,1
veh1966563,Bus,7.99,1.22,19,45,207,33,0
veh4781107,Bus,8.0,1.55,8,26,87,56,1
veh2249135,Bus,7.99,1.37,18,32,27,201,0
veh1499441,Bus,8.0,1.28,21,47,215,41,0
veh3189545,Bus,8.0,1.16,4,6,87,41,1
veh4686805,Bus,8.0,1.71,13,54,144,117,0
veh1688105,Bus,8.0,1.38,15,31,29,201,1
veh1127844,Bus,8.0,1.55,9,26,87,56,1
veh6560524,Bus,8.0,1.55,11,4,144,41,1
veh844047,Bus,8.0,1.66,21,24,144,178,1
veh2532391,Bus,7.99,1.35,6,11,29,186,1
veh1594261,Bus,8.0,1.66,17,24,144,178,1
veh2532411,Bus,8.0,1.33,7,12,202,175,0
veh1310974,Bus,8.0,1.39,19,31,29,201,1
veh6470423,Bus,8.0,1.4,13,30,145,172,0
veh1221697,Bus,8.0,1.38,6,17,12,186,0
veh94200,Bus,7.99,1.36,8,32,27,201,0
veh4591912,Bus,8.0,1.38,10,31,29,201,1
veh3563109,Bus,8.0,1.15,8,6,87,41,1
veh3096217,Bus,8.0,1.55,18,26,87,56,1
veh1594273,Bus,8.0,1.74,18,32,86,59,0
veh3279448,Bus,7.99,1.21,7,2,230,56,0
veh3468163,Bus,7.99,1.49,10,15,4,178,0
veh2905384,Bus,8.0,1.71,17,54,144,117,0
veh4969644,Bus,8.0,1.38,12,32,27,201,0
veh2343568,Bus,8.0,1.44,21,46,87,114,0
veh3096153,Bus,7.99,1.22,11,2,230,56,0
veh6470520,Bus,8.0,1.22,21,45,207,33,0
veh1966493,Bus,7.99,1.28,14,11,29,186,1
veh1221707,Bus,8.0,1.66,7,24,144,178,1
veh2060427,Bus,7.99,1.21,19,2,230,56,0
veh3096193,Bus,7.99,1.16,16,6,87,41,1
veh2905393,Bus,8.0,1.69,18,52,174,201,0
veh1594225,Bus,8.0,1.4,14,51,29,56,0
veh2716132,Bus,8.0,1.66,11,24,144,178,1
veh1966588,Bus,7.99,1.71,22,2,86,33,1
veh4218801,Bus,8.0,1.66,18,24,144,178,1
veh3846283,Bus,8.0,1.38,12,31,29,201,1
veh3563175,Bus,7.99,1.27,14,11,29,186,1
veh843996,Bus,7.99,1.4,17,30,145,172,0
veh94327,Bus,8.0,1.16,20,6,87,41,1
veh2532551,Bus,8.0,1.33,19,12,202,175,0
veh2905359,Bus,8.0,1.57,15,22,174,48,1
veh3374171,Bus,8.0,1.55,11,4,144,41,1
veh6092271,Bus,8.0,1.38,8,17,12,186,0
veh2154378,Bus,8.0,1.71,7,54,144,117,0
veh4781089,Bus,7.99,1.49,6,15,4,178,0
veh937663,Bus,8.0,1.44,17,46,87,114,0
veh1877353,Bus,8.0,1.65,21,24,144,178,1
veh282812,Bus,7.99,1.44,17,46,87,114,0
veh655124,Bus,8.0,1.7,13,54,144,117,0
veh1688055,Bus,7.99,1.28,9,47,215,41,0
veh4030186,Bus,8.0,1.4,5,30,145,172,0
veh2249038,Bus,8.0,1.71,9,54,144,117,0
veh4313451,Bus,8.0,1.4,17,30,145,172,0
veh6092362,Bus,8.0,1.55,17,22,174,48,1
veh5342448,Bus,8.0,1.15,20,6,87,41,1
veh3846238,Bus,8.0,1.73,8,32,86,59,0
veh5342308,Bus,7.99,1.15,8,6,87,41,1
veh2343570,Bus,7.99,1.57,21,22,174,48,1
veh4409636,Bus,8.0,1.62,21,24,144,178,1
veh5436912,Bus,8.0,1.71,7,54,144,117,0
veh4409546,Bus,8.0,1.7,13,54,144,117,0
veh282861,Bus,8.0,1.4,21,30,145,172,0
veh1127833,Bus,8.0,1.74,8,32,86,59,0
veh376674,Bus,7.98,1.21,9,2,230,56,0
veh3468274,Bus,8.0,1.55,21,22,174,48,1
veh5998710,Bus,8.0,1.37,22,17,12,186,0
veh5721679,Bus,7.99,1.27,20,11,29,186,1
veh3563098,Bus,8.0,1.7,7,2,86,33,1
veh2060315,Bus,8.0,1.7,9,54,144,117,0
veh4502725,Bus,7.99,1.5,6,15,4,178,0
veh3657096,Bus,8.0,1.33,22,12,202,175,0
veh5248259,Bus,8.0,1.33,7,12,202,175,0
veh2905252,Bus,8.0,1.21,5,2,230,56,0
veh4781184,Bus,8.0,1.44,15,46,87,114,0
veh4313406,Bus,8.0,1.49,12,15,4,178,0
veh3657078,Bus,7.99,1.49,20,15,4,178,0
veh1594121,Bus,8.0,1.55,4,26,87,56,1
veh3374201,Bus,8.0,1.5,14,15,4,178,0
veh1221855,Bus,8.0,1.16,20,6,87,41,1
veh2532487,Bus,8.0,1.54,14,26,87,56,1
veh3096247,Bus,8.0,1.33,20,12,202,175,0
veh4875207,Bus,8.0,1.55,18,4,144,41,1
veh6470447,Bus,8.0,1.65,15,24,144,178,1
veh1221826,Bus,8.0,1.39,18,51,29,56,0
veh2439650,Bus,7.99,1.38,20,32,27,201,0
veh188291,Bus,8.0,1.37,6,17,12,186,0
veh188353,Bus,8.0,1.55,11,4,144,41,1
veh843919,Bus,8.0,1.66,9,24,144,178,1
veh2622214,Bus,7.99,1.7,8,54,144,117,0
veh1032186,Bus,8.0,1.28,12,11,29,186,1
veh1405206,Bus,8.0,1.74,10,32,86,59,0
veh4875112,Bus,8.0,1.74,9,32,86,59,0
veh4313441,Bus,8.0,1.69,16,52,174,201,0
veh5065408,Bus,7.99,1.37,6,17,12,186,0
veh2716189,Bus,8.0,1.57,17,22,174,48,1
veh937547,Bus,8.0,1.38,6,32,27,201,0
veh2343543,Bus,8.0,1.39,19,31,29,201,1
veh3936050,Bus,8.0,1.28,15,47,215,41,0
veh376797,Bus,8.0,1.65,21,24,144,178,1
veh5342326,Bus,8.0,1.44,9,46,87,114,0
veh3936080,Bus,8.0,1.69,18,52,174,201,0
veh472760,Bus,8.0,1.7,19,54,144,117,0
veh472707,Bus,8.0,1.57,15,22,174,48,1
veh6470360,Bus,7.99,1.28,7,47,215,41,0
veh6281315,Bus,8.0,1.4,22,51,29,56,0
veh3752772,Bus,8.0,1.28,11,47,215,41,0
veh3096206,Bus,8.0,1.55,17,22,174,48,1
veh2716210,Bus,8.0,1.38,19,31,29,201,1
veh1127879,Bus,7.99,1.4,12,51,29,56,0
veh2154365,Bus,8.0,1.74,6,32,86,59,0
veh6281138,Bus,8.0,1.39,6,17,12,186,0
veh2905329,Bus,8.0,1.28,12,11,29,186,1
veh2810755,Bus,8.0,1.5,15,4,144,41,1
veh2905245,Bus,8.0,1.71,4,2,86,33,1
veh2716089,Bus,8.0,1.44,8,46,87,114,0
veh1966518,Bus,7.99,1.69,16,52,174,201,0
veh2532534,Bus,8.0,1.5,18,4,144,41,1
veh4409541,Bus,7.99,1.37,12,32,27,201,0
veh3374275,Bus,8.0,1.44,21,46,87,114,0
veh1877213,Bus,7.99,1.49,8,15,4,178,0
veh4781116,Bus,8.0,1.33,8,12,202,175,0
veh6377251,Bus,8.0,1.33,10,12,202,175,0
veh6186915,Bus,8.0,1.33,22,12,202,175,0
veh4313430,Bus,8.0,1.55,15,22,174,48,1
veh4591879,Bus,7.98,1.21,7,2,230,56,0
veh3657003,Bus,8.0,1.55,14,26,87,56,1
veh3752887,Bus,8.0,1.74,22,32,86,59,0
veh4502863,Bus,7.99,1.49,18,15,4,178,0
veh2716151,Bus,7.99,1.23,13,45,207,33,0
veh4875097,Bus,8.0,1.5,8,4,144,41,1
veh94202,Bus,8.0,1.38,9,31,29,201,1
veh4218846,Bus,8.0,1.33,22,12,202,175,0
veh2810722,Bus,7.98,1.22,11,45,207,33,0
veh655106,Bus,8.0,1.5,11,4,144,41,1
veh2343417,Bus,8.0,1.21,7,2,230,56,0
veh4686722,Bus,8.0,1.69,6,2,86,33,1
veh94252,Bus,7.98,1.22,13,2,230,56,0
veh2999865,Bus,8.0,1.39,19,31,29,201,1
veh6470440,Bus,7.99,1.38,14,32,27,201,0
veh1127953,Bus,7.99,1.44,19,46,87,114,0
veh1499356,Bus,8.0,1.16,14,6,87,41,1
veh4781153,Bus,8.0,1.28,11,47,215,41,0
veh655036,Bus,8.0,1.35,6,11,29,186,1
veh1877328,Bus,7.99,1.38,19,30,145,172,0
veh6186907,Bus,7.99,1.22,21,45,207,33,0
veh4409613,Bus,8.0,1.69,19,2,86,33,1
veh5904318,Bus,8.0,1.34,18,17,12,186,0
veh2060306,Bus,8.0,1.16,9,6,87,41,1
veh1966442,Bus,8.0,1.38,9,31,29,201,1
veh1499448,Bus,8.0,1.71,22,2,86,33,1
veh4969560,Bus,8.0,1.21,5,2,230,56,0
veh3846246,Bus,8.0,1.35,9,11,29,186,1
veh5065460,Bus,8.0,1.69,10,52,174,201,0
veh4969623,Bus,8.0,1.74,10,32,86,59,0
veh3657041,Bus,7.99,1.21,17,45,207,33,0
veh1594300,Bus,8.0,1.34,20,12,202,175,0
veh3563107,Bus,8.0,1.28,8,11,29,186,1
veh2249162,Bus,7.99,1.4,21,30,145,172,0
veh565744,Bus,7.99,1.49,8,15,4,178,0
veh1688063,Bus,8.0,1.68,10,2,86,33,1
veh3657070,Bus,8.0,1.21,19,2,230,56,0
veh5065525,Bus,8.0,1.55,17,26,87,56,1
veh282826,Bus,8.0,1.69,18,52,174,201,0
veh4781088,Bus,8.0,1.33,6,17,12,186,0
veh6281270,Bus,8.0,1.69,18,52,174,201,0
veh4218832,Bus,8.0,1.4,21,30,145,172,0
veh2810757,Bus,8.0,1.71,15,54,144,117,0
veh1688121,Bus,8.0,1.74,16,32,86,59,0
veh5721582,Bus,8.0,1.44,11,46,87,114,0
veh1032257,Bus,8.0,1.5,18,15,4,178,0
veh6470392,Bus,7.99,1.27,9,47,215,41,0
veh1966559,Bus,8.0,1.65,19,24,144,178,1
veh1594238,Bus,8.0,1.55,15,4,144,41,1
veh3563115,Bus,8.0,1.74,8,32,86,59,0
veh1966481,Bus,7.99,1.74,12,32,86,59,0
veh4781112,Bus,8.0,1.74,8,32,86,59,0
veh5998510,Bus,8.0,1.54,4,26,87,56,1
veh4409456,Bus,8.0,1.23,5,45,207,33,0
veh4969662,Bus,8.0,1.38,14,32,27,201,0
veh5815170,Bus,8.0,1.44,21,46,87,114,0
veh5342400,Bus,8.0,1.71,16,2,86,33,1
veh6186829,Bus,8.0,1.38,15,31,29,201,1
veh5342317,Bus,8.0,1.71,8,54,144,117,0
veh3935982,Bus,7.99,1.15,9,6,87,41,1
veh1688153,Bus,7.99,1.54,19,26,87,56,1
veh94325,Bus,8.0,1.28,20,11,29,186,1
veh3189646,Bus,7.99,1.24,13,45,207,33,0
veh749595,Bus,8.0,1.44,21,46,87,114,0
veh1127930,Bus,8.0,1.55,17,4,144,41,1
veh4409590,Bus,8.0,1.33,17,12,202,175,0
veh6186832,Bus,8.0,1.57,15,22,174,48,1
veh4313367,Bus,8.0,1.54,9,26,87,56,1
veh749491,Bus,8.0,1.51,11,4,144,41,1
veh2343412,Bus,8.0,1.65,7,24,144,178,1
veh1311003,Bus,8.0,1.65,21,24,144,178,1
veh2439662,Bus,8.0,1.39,22,31,29,201,1
veh2999863,Bus,8.0,1.5,18,15,4,178,0
veh749546,Bus,8.0,1.55,17,26,87,56,1
veh5342412,Bus,8.0,1.66,17,24,144,178,1
veh5721538,Bus,7.98,1.21,7,2,230,56,0
veh5065565,Bus,8.0,1.4,20,51,29,56,0
veh282792,Bus,8.0,1.57,15,22,174,48,1
veh5904267,Bus,8.0,1.16,14,6,87,41,1
veh3096255,Bus,8.0,1.5,21,4,144,41,1
veh3374170,Bus,8.0,1.55,11,22,174,48,1
veh2622287,Bus,8.0,1.65,15,24,144,178,1
veh5721522,Bus,8.0,1.33,6,12,202,175,0
veh4124004,Bus,7.99,1.55,8,4,144,41,1
veh2532420,Bus,8.0,1.39,8,30,145,172,0
veh4592028,Bus,8.0,1.38,20,32,27,201,0
veh3935944,Bus,8.0,1.7,6,52,174,201,0
veh5998670,Bus,8.0,1.16,19,6,87,41,1
veh5248323,Bus,8.0,1.4,13,30,145,172,0
veh1405336,Bus,8.0,1.38,22,32,27,201,0
veh1221755,Bus,8.0,1.38,10,32,27,201,0
veh4686751,Bus,8.0,1.66,8,24,144,178,1
veh3374239,Bus,7.99,1.15,18,6,87,41,1
veh3189683,Bus,8.0,1.4,17,30,145,172,0
veh5531471,Bus,8.0,1.71,4,2,86,33,1
veh1966444,Bus,8.0,1.55,9,26,87,56,1
veh4969622,Bus,8.0,1.71,10,2,86,33,1
veh3563162,Bus,8.0,1.71,12,2,86,33,1
veh4030235,Bus,7.99,1.54,9,26,87,56,1
veh1221695,Bus,8.0,1.73,6,32,86,59,0
veh5904348,Bus,8.0,1.57,21,22,174,48,1
veh5248338,Bus,7.99,1.38,14,17,12,186,0
veh1966590,Bus,8.0,1.33,22,12,202,175,0
veh5904302,Bus,8.0,1.65,17,24,144,178,1
veh4686743,Bus,8.0,1.15,8,6,87,41,1
veh3374210,Bus,8.0,1.7,15,54,144,117,0
veh3468193,Bus,8.0,1.16,14,6,87,41,1
veh1405236,Bus,7.99,1.29,14,11,29,186,1
veh749583,Bus,7.99,1.22,19,45,207,33,0
veh6281221,Bus,7.99,1.22,13,2,230,56,0
veh1221739,Bus,8.0,1.65,9,24,144,178,1
veh655064,Bus,8.0,1.44,8,46,87,114,0
veh4409557,Bus,7.99,1.35,14,17,12,186,0
veh1499395,Bus,8.0,1.21,17,45,207,33,0
veh2439533,Bus,7.97,1.22,9,2,230,56,0
veh5158941,Bus,8.0,1.16,17,6,87,41,1
veh1405317,Bus,8.0,1.38,21,31,29,201,1
veh1127989,Bus,7.99,1.74,22,32,86,59,0
veh4875062,Bus,8.0,1.22,5,45,207,33,0
veh655160,Bus,7.99,1.16,17,6,87,41,1
veh4124078,Bus,8.0,1.55,15,4,144,41,1
veh1877205,Bus,8.0,1.69,8,52,174,201,0
veh1032271,Bus,8.0,1.27,19,47,215,41,0
veh282739,Bus,7.99,1.28,9,47,215,41,0
veh1877343,Bus,8.0,1.69,20,52,174,201,0
veh2439667,Bus,7.99,1.34,22,12,202,175,0
veh6092287,Bus,8.0,1.28,9,47,215,41,0
veh5626521,Bus,8.0,1.71,9,54,144,117,0
veh376673,Bus,7.98,1.21,9,45,207,33,0
veh1221754,Bus,7.99,1.5,10,15,4,178,0
veh2999707,Bus,8.0,1.69,4,52,174,201,0
veh2154522,Bus,8.0,1.21,19,2,230,56,0
veh5814999,Bus,8.0,1.55,6,26,87,56,1
veh188379,Bus,8.0,1.55,14,26,87,56,1
veh4502888,Bus,7.99,1.38,20,32,27,201,0
veh1594303,Bus,7.99,1.38,20,32,27,201,0
veh3279473,Bus,8.0,1.74,9,32,86,59,0
veh4124062,Bus,7.99,1.21,13,2,230,56,0
veh5626538,Bus,8.0,1.4,11,30,145,172,0
veh4875159,Bus,7.99,1.16,14,6,87,41,1
veh655052,Bus,8.0,1.74,7,32,86,59,0
veh3563256,Bus,8.0,1.38,21,31,29,201,1
veh5904314,Bus,8.0,1.74,18,32,86,59,0
veh1405163,Bus,8.0,1.7,7,54,144,117,0
veh1221849,Bus,8.0,1.34,19,12,202,175,0
veh3752691,Bus,7.99,1.69,4,2,86,33,1
veh5065398,Bus,8.0,1.22,5,45,207,33,0
veh565781,Bus,7.99,1.22,11,2,230,56,0
veh844043,Bus,8.0,1.44,21,46,87,114,0
veh5626550,Bus,8.0,1.74,12,32,86,59,0
veh2905249,Bus,8.0,1.65,5,24,144,178,1
veh1594258,Bus,8.0,1.4,17,30,145,172,0
veh3189730,Bus,8.0,1.44,21,46,87,114,0
veh6377295,Bus,8.0,1.55,15,4,144,41,1
veh4781233,Bus,8.0,1.38,19,30,145,172,0
veh472681,Bus,8.0,1.74,12,32,86,59,0
veh282716,Bus,8.0,1.69,8,52,174,201,0
veh6560490,Bus,8.0,1.33,8,12,202,175,0
veh1594299,Bus,8.0,1.69,20,52,174,201,0
veh1877241,Bus,7.99,1.38,10,32,27,201,0
veh749420,Bus,7.99,1.21,5,2,230,56,0
veh6092356,Bus,7.99,1.37,16,32,27,201,0
veh3656914,Bus,8.0,1.33,6,12,202,175,0
veh3846198,Bus,8.0,1.71,4,2,86,33,1
veh3374097,Bus,8.0,1.62,5,24,144,178,1
veh2622359,Bus,8.0,1.27,21,47,215,41,0
veh5158920,Bus,8.0,1.38,15,31,29,201,1
veh6186788,Bus,8.0,1.74,10,32,86,59,0
veh3096166,Bus,8.0,1.71,13,54,144,117,0
veh5904321,Bus,8.0,1.38,19,31,29,201,1
veh6092319,Bus,8.0,1.57,13,22,174,48,1
veh6377205,Bus,8.0,1.55,7,4,144,41,1
veh655197,Bus,8.0,1.28,19,47,215,41,0
veh2999721,Bus,8.0,1.69,6,2,86,33,1
veh6560503,Bus,8.0,1.55,9,4,144,41,1
veh2999790,Bus,8.0,1.22,11,45,207,33,0
veh937698,Bus,7.99,1.27,19,47,215,41,0
veh2716056,Bus,8.0,1.66,5,22,174,48,1
veh5436969,Bus,7.99,1.35,12,11,29,186,1
veh749457,Bus,8.0,1.33,8,12,202,175,0
veh4686735,Bus,8.0,1.66,7,24,144,178,1
veh4686753,Bus,8.0,1.34,8,12,202,175,0
veh4591848,Bus,8.0,1.7,4,2,86,33,1
veh2154403,Bus,8.0,1.44,9,46,87,114,0
veh2622182,Bus,8.0,1.54,6,26,87,56,1
veh1688075,Bus,8.0,1.28,11,47,215,41,0
veh3096199,Bus,7.99,1.48,16,15,4,178,0
veh3846234,Bus,8.0,1.44,8,46,87,114,0
veh2532578,Bus,8.0,1.69,22,2,86,33,1
veh3935967,Bus,8.0,1.55,8,26,87,56,1
veh2060445,Bus,7.99,1.23,21,45,207,33,0
veh749597,Bus,8.0,1.55,21,22,174,48,1
veh6470348,Bus,7.99,1.5,6,15,4,178,0
veh565848,Bus,8.0,1.74,18,32,86,59,0
veh5531623,Bus,8.0,1.66,18,24,144,178,1
veh1310949,Bus,8.0,1.15,17,6,87,41,1
veh4781131,Bus,8.0,1.71,9,54,144,117,0
veh2716195,Bus,7.99,1.23,17,45,207,33,0
veh5436918,Bus,8.0,1.4,8,51,29,56,0
veh4875244,Bus,8.0,1.28,21,47,215,41,0
veh5904351,Bus,8.0,1.71,21,54,144,117,0
veh4030378,Bus,8.0,1.69,22,52,174,201,0
veh5437067,Bus,8.0,1.44,21,46,87,114,0
veh5342322,Bus,8.0,1.35,9,11,29,186,1
veh6092310,Bus,7.99,1.29,12,11,29,186,1
veh4313472,Bus,7.99,1.37,18,32,27,201,0
veh3656978,Bus,8.0,1.62,11,24,144,178,1
veh5998554,Bus,8.0,1.65,8,24,144,178,1
veh5065586,Bus,8.0,1.69,22,52,174,201,0
veh2439606,Bus,8.0,1.57,17,22,174,48,1
veh5248298,Bus,8.0,1.55,10,26,87,56,1
veh3374175,Bus,7.99,1.23,11,45,207,33,0
veh3189575,Bus,7.99,1.71,7,54,144,117,0
veh1688174,Bus,8.0,1.37,20,32,27,201,0
veh1688098,Bus,8.0,1.55,14,26,87,56,1
veh3657027,Bus,8.0,1.34,16,17,12,186,0
veh2343422,Bus,8.0,1.44,8,46,87,114,0
veh5531601,Bus,8.0,1.37,16,32,27,201,0
veh4686729,Bus,8.0,1.44,7,46,87,114,0
veh1311001,Bus,8.0,1.66,21,22,174,48,1
veh5998628,Bus,7.99,1.62,15,24,144,178,1
veh282712,Bus,8.0,1.15,8,6,87,41,1
veh749589,Bus,8.0,1.7,20,52,174,201,0
veh5248353,Bus,8.0,1.4,16,51,29,56,0
veh2343517,Bus,8.0,1.38,17,31,29,201,1
veh1877356,Bus,7.99,1.23,21,45,207,33,0
veh4502813,Bus,8.0,1.69,14,2,86,33,1
veh4686903,Bus,8.0,1.69,22,52,174,201,0
veh5248334,Bus,8.0,1.17,14,6,87,41,1
veh5721523,Bus,7.99,1.38,6,17,12,186,0
veh4969731,Bus,7.99,1.37,20,17,12,186,0
veh188429,Bus,7.98,1.37,18,17,12,186,0
veh6560537,Bus,8.0,1.38,12,32,27,201,0
veh5158867,Bus,7.99,1.66,9,24,144,178,1
veh1783777,Bus,8.0,1.23,17,45,207,33,0
veh3096246,Bus,8.0,1.69,20,52,174,201,0
veh6186823,Bus,8.0,1.68,14,2,86,33,1
veh2439566,Bus,8.0,1.7,13,54,144,117,0
veh2532565,Bus,8.0,1.44,21,46,87,114,0
veh1966537,Bus,7.99,1.27,18,11,29,186,1
veh2999754,Bus,8.0,1.48,8,15,4,178,0
veh843959,Bus,8.0,1.22,13,45,207,33,0
veh937676,Bus,7.99,1.54,18,26,87,56,1
veh1032208,Bus,8.0,1.74,14,32,86,59,0
veh4969697,Bus,8.0,1.28,18,11,29,186,1
veh376678,Bus,8.0,1.54,10,26,87,56,1
veh3563166,Bus,8.0,1.38,12,32,27,201,0
veh844016,Bus,8.0,1.5,18,15,4,178,0
veh6560607,Bus,8.0,1.4,19,30,145,172,0
veh2622338,Bus,8.0,1.71,19,54,144,117,0
veh4686844,Bus,8.0,1.4,17,30,145,172,0
veh2716135,Bus,8.0,1.21,11,45,207,33,0
veh5248421,Bus,8.0,1.22,21,2,230,56,0
veh1032211,Bus,7.99,1.38,14,32,27,201,0
veh5342302,Bus,8.0,1.33,7,12,202,175,0
veh843921,Bus,8.0,1.33,9,12,202,175,0
veh3563230,Bus,8.0,1.49,18,15,4,178,0
veh5721658,Bus,8.0,1.55,18,4,144,41,1
veh937668,Bus,8.0,1.71,17,54,144,117,0
veh4875113,Bus,8.0,1.5,9,4,144,41,1
veh6377290,Bus,8.0,1.35,15,11,29,186,1
veh4409516,Bus,8.0,1.16,10,6,87,41,1
veh749572,Bus,8.0,1.55,19,26,87,56,1
veh2532462,Bus,8.0,1.65,11,24,144,178,1
veh1221837,Bus,8.0,1.37,18,32,27,201,0
veh6560616,Bus,7.99,1.22,19,45,207,33,0
veh3279418,Bus,8.0,1.44,5,46,87,114,0
veh2810774,Bus,8.0,1.44,17,46,87,114,0
veh1405231,Bus,8.0,1.66,13,24,144,178,1
veh3846271,Bus,8.0,1.49,10,15,4,178,0
veh3656979,Bus,8.0,1.71,11,54,144,117,0
veh3563122,Bus,7.98,1.37,8,32,27,201,0
veh4686787,Bus,8.0,1.55,11,4,144,41,1
veh6092343,Bus,8.0,1.7,15,54,144,117,0
veh2060392,Bus,8.0,1.57,17,22,174,48,1
veh5904181,Bus,8.0,1.5,6,15,4,178,0
veh5721517,Bus,8.0,1.16,6,6,87,41,1
veh4313398,Bus,7.99,1.22,11,45,207,33,0
veh4781260,Bus,7.99,1.28,21,47,215,41,0
veh1783824,Bus,7.99,1.21,21,45,207,33,0
veh749605,Bus,8.0,1.39,22,31,29,201,1
veh4124020,Bus,8.0,1.51,9,4,144,41,1
veh376769,Bus,8.0,1.15,19,6,87,41,1
veh472670,Bus,8.0,1.57,11,22,174,48,1
veh1127983,Bus,7.99,1.21,21,2,230,56,0
veh4409465,Bus,8.0,1.33,6,12,202,175,0
veh3752865,Bus,8.0,1.16,20,6,87,41,1
veh1405152,Bus,8.0,1.36,6,17,12,186,0
veh1221785,Bus,8.0,1.55,14,26,87,56,1
veh1966514,Bus,8.0,1.28,16,11,29,186,1
veh5065468,Bus,8.0,1.4,11,30,145,172,0
veh2999801,Bus,8.0,1.55,13,22,174,48,1
veh1783778,Bus,7.99,1.21,17,2,230,56,0
veh2622266,Bus,8.0,1.66,13,24,144,178,1
veh5158992,Bus,8.0,1.4,21,30,145,172,0
veh94339,Bus,8.0,1.65,21,24,144,178,1
veh5248243,Bus,8.0,1.69,6,52,174,201,0
veh2905392,Bus,8.0,1.55,18,26,87,56,1
veh5248310,Bus,7.99,1.65,11,24,144,178,1
veh2154412,Bus,8.0,1.28,9,47,215,41,0
veh3279596,Bus,7.99,1.5,20,15,4,178,0
veh4502840,Bus,7.98,1.15,17,6,87,41,1
veh2060377,Bus,8.0,1.28,16,11,29,186,1
veh2532524,Bus,8.0,1.27,17,47,215,41,0
veh844045,Bus,8.0,1.57,21,22,174,48,1
veh1499378,Bus,8.0,1.69,16,52,174,201,0
veh1032268,Bus,8.0,1.66,19,24,144,178,1
veh6560619,Bus,7.99,1.4,20,51,29,56,0
veh2999844,Bus,8.0,1.66,17,22,174,48,1
veh5626597,Bus,8.0,1.4,17,30,145,172,0
veh282833,Bus,8.0,1.49,18,15,4,178,0
veh1499358,Bus,8.0,1.71,14,2,86,33,1
veh5904257,Bus,8.0,1.57,13,22,174,48,1
veh2249040,Bus,7.99,1.28,9,47,215,41,0
veh2999767,Bus,8.0,1.7,9,54,144,117,0
veh1966567,Bus,7.99,1.16,20,6,87,41,1
veh2439510,Bus,8.0,1.74,8,32,86,59,0
veh3279555,Bus,8.0,1.66,17,24,144,178,1
veh2439547,Bus,8.0,1.57,11,22,174,48,1
veh5342276,Bus,7.99,1.4,5,30,145,172,0
veh282740,Bus,8.0,1.22,9,45,207,33,0
veh5158850,Bus,8.0,1.55,8,4,144,41,1
veh1310978,Bus,8.0,1.47,19,30,145,172,0
veh3563242,Bus,8.0,1.7,19,54,144,117,0
veh2343513,Bus,8.0,1.74,16,32,86,59,0
veh1594207,Bus,8.0,1.27,12,11,29,186,1
veh4218804,Bus,8.0,1.5,18,15,4,178,0
veh2810665,Bus,8.0,1.55,7,4,144,41,1
veh3752890,Bus,8.0,1.49,22,15,4,178,0
veh2343484,Bus,8.0,1.21,13,45,207,33,0
veh3846276,Bus,8.0,1.5,11,4,144,41,1
veh2532530,Bus,8.0,1.55,18,26,87,56,1
veh472784,Bus,8.0,1.35,22,11,29,186,1
veh5436904,Bus,8.0,1.39,7,31,29,201,1
veh3752752,Bus,8.0,1.28,9,47,215,41,0
veh6186732,Bus,8.0,1.74,6,32,86,59,0
veh1594268,Bus,8.0,1.4,18,51,29,56,0
veh1687991,Bus,8.0,1.16,4,6,87,41,1
veh2905258,Bus,7.99,1.71,6,2,86,33,1
veh2060380,Bus,8.0,1.55,16,26,87,56,1
veh5158965,Bus,7.99,1.38,18,32,27,201,0
veh6560614,Bus,8.0,1.33,19,12,202,175,0
veh937608,Bus,8.0,1.65,11,24,144,178,1
veh2622282,Bus,8.0,1.39,15,31,29,201,1
veh4969715,Bus,8.0,1.57,19,22,174,48,1
veh3936086,Bus,8.0,1.38,18,17,12,186,0
veh4218712,Bus,8.0,1.23,9,2,230,56,0
veh2060370,Bus,8.0,1.57,15,22,174,48,1
veh4409532,Bus,7.99,1.22,11,45,207,33,0
veh5815033,Bus,7.99,1.4,8,17,12,186,0
veh5437006,Bus,8.0,1.35,16,11,29,186,1
veh1966438,Bus,7.98,1.37,8,17,12,186,0
veh2622305,Bus,8.0,1.44,17,46,87,114,0
veh6186809,Bus,8.0,1.38,12,32,27,201,0
veh3279512,Bus,8.0,1.66,13,24,144,178,1
veh2716190,Bus,8.0,1.5,17,4,144,41,1
veh843960,Bus,7.98,1.22,13,2,230,56,0
veh4123981,Bus,8.0,1.38,6,32,27,201,0
veh2439563,Bus,8.0,1.57,13,22,174,48,1
veh5626621,Bus,7.99,1.55,19,26,87,56,1
veh4502760,Bus,8.0,1.45,9,46,87,114,0
veh3374242,Bus,8.0,1.71,18,2,86,33,1
veh5437050,Bus,8.0,1.55,19,4,144,41,1
veh1405134,Bus,8.0,1.55,4,26,87,56,1
veh4875240,Bus,8.0,1.66,21,22,174,48,1
veh5626566,Bus,8.0,1.54,14,26,87,56,1
veh5998690,Bus,8.0,1.38,20,17,12,186,0
veh2622225,Bus,8.0,1.57,9,22,174,48,1
veh6470474,Bus,8.0,1.21,17,2,230,56,0
veh4502726,Bus,8.0,1.37,6,32,27,201,0
veh6470530,Bus,7.99,1.49,22,15,4,178,0
veh2532572,Bus,8.0,1.21,21,45,207,33,0
veh5065544,Bus,8.0,1.62,18,24,144,178,1
veh4218823,Bus,8.0,1.16,20,6,87,41,1
veh3374190,Bus,7.99,1.27,13,47,215,41,0
veh6470504,Bus,8.0,1.4,20,51,29,56,0
veh2716126,Bus,8.0,1.48,10,15,4,178,0
veh4781149,Bus,8.0,1.66,11,22,174,48,1
veh655040,Bus,8.0,1.69,6,52,174,201,0
veh1405240,Bus,8.0,1.55,14,26,87,56,1
veh3374138,Bus,8.0,1.39,8,17,12,186,0
veh3468187,Bus,8.0,1.27,13,47,215,41,0
veh5065554,Bus,8.0,1.57,19,22,174,48,1
veh1032230,Bus,8.0,1.38,16,17,12,186,0
veh4686891,Bus,7.99,1.44,21,46,87,114,0
veh2810701,Bus,7.99,1.28,9,47,215,41,0
veh4313337,Bus,8.0,1.4,7,30,145,172,0
veh4502707,Bus,8.0,1.69,4,52,174,201,0
veh2343471,Bus,7.99,1.39,12,31,29,201,1
veh2060362,Bus,8.0,1.74,14,32,86,59,0
veh1032263,Bus,8.0,1.47,19,30,145,172,0
veh4969701,Bus,8.0,1.69,18,52,174,201,0
veh6186873,Bus,8.0,1.49,18,15,4,178,0
veh2249034,Bus,8.0,1.71,9,2,86,33,1
veh843951,Bus,7.99,1.5,12,15,4,178,0
veh3468136,Bus,8.0,1.5,8,15,4,178,0
veh2999845,Bus,8.0,1.5,17,4,144,41,1
veh6377378,Bus,8.0,1.38,22,17,12,186,0
veh3374246,Bus,8.0,1.71,18,54,144,117,0
veh1783670,Bus,8.0,1.54,8,26,87,56,1
veh4409514,Bus,8.0,1.38,10,31,29,201,1
veh3096080,Bus,8.0,1.16,6,6,87,41,1
veh2905396,Bus,8.0,1.51,18,4,144,41,1
veh1877170,Bus,8.0,1.57,5,22,174,48,1
veh4218665,Bus,8.0,1.38,6,17,12,186,0
veh3374235,Bus,8.0,1.21,17,45,207,33,0
veh2532486,Bus,8.0,1.15,14,6,87,41,1
veh2810822,Bus,8.0,1.44,21,46,87,114,0
veh1499371,Bus,8.0,1.28,15,47,215,41,0
veh3936095,Bus,8.0,1.7,19,2,86,33,1
veh1966405,Bus,8.0,1.69,6,52,174,201,0
veh1783771,Bus,8.0,1.66,17,22,174,48,1
veh749492,Bus,8.0,1.66,11,24,144,178,1
veh4409450,Bus,8.0,1.7,4,2,86,33,1
veh3189655,Bus,8.0,1.38,14,17,12,186,0
veh4875067,Bus,8.0,1.55,6,26,87,56,1
veh282817,Bus,8.0,1.71,17,54,144,117,0
veh565812,Bus,8.0,1.57,15,22,174,48,1
veh3936054,Bus,8.0,1.4,16,51,29,56,0
veh3096198,Bus,7.98,1.37,16,17,12,186,0
veh5531654,Bus,8.0,1.4,21,30,145,172,0
veh2999705,Bus,7.99,1.16,4,6,87,41,1
veh376635,Bus,8.0,1.74,7,32,86,59,0
veh6560602,Bus,8.0,1.38,18,32,27,201,0
veh3563268,Bus,7.99,1.4,22,51,29,56,0
veh188422,Bus,8.0,1.55,18,26,87,56,1
veh6470386,Bus,8.0,1.71,9,2,86,33,1
veh1127810,Bus,8.0,1.5,6,15,4,178,0
veh3752738,Bus,8.0,1.37,8,32,27,201,0
veh2439513,Bus,8.0,1.71,8,54,144,117,0
veh4313379,Bus,8.0,1.21,9,2,230,56,0
veh4313486,Bus,8.0,1.23,19,45,207,33,0
veh1594282,Bus,8.0,1.54,19,26,87,56,1
veh2532436,Bus,8.0,1.4,9,30,145,172,0
veh4409609,Bus,7.99,1.54,19,26,87,56,1
veh2249161,Bus,8.0,1.44,21,46,87,114,0
veh5626499,Bus,8.0,1.4,8,30,145,172,0
veh565718,Bus,8.0,1.44,7,46,87,114,0
veh4218752,Bus,7.99,1.16,14,6,87,41,1
veh5065481,Bus,7.98,1.4,12,17,12,186,0
veh4686711,Bus,8.0,1.4,5,30,145,172,0
veh2810713,Bus,8.0,1.5,10,15,4,178,0
veh2060313,Bus,7.99,1.55,9,4,144,41,1
veh4030199,Bus,7.99,1.33,6,12,202,175,0
veh1688004,Bus,8.0,1.16,6,6,87,41,1
veh4781137,Bus,7.99,1.4,10,51,29,56,0
veh5626487,Bus,8.0,1.55,7,4,144,41,1
veh5436937,Bus,8.0,1.44,9,46,87,114,0
veh3468252,Bus,7.99,1.66,19,22,174,48,1
veh5065404,Bus,8.0,1.69,6,52,174,201,0
veh937671,Bus,8.0,1.21,17,45,207,33,0
veh5998674,Bus,8.0,1.57,19,22,174,48,1
veh2810817,Bus,8.0,1.33,20,12,202,175,0
veh3374102,Bus,8.0,1.4,6,51,29,56,0
veh94301,Bus,8.0,1.69,18,52,174,201,0
veh4123983,Bus,8.0,1.45,7,46,87,114,0
veh749548,Bus,8.0,1.41,17,30,145,172,0
veh4875210,Bus,7.99,1.38,18,17,12,186,0
veh1499408,Bus,8.0,1.49,18,15,4,178,0
veh2810660,Bus,8.0,1.44,7,46,87,114,0
veh188370,Bus,7.99,1.66,13,24,144,178,1
veh1688107,Bus,8.0,1.4,15,30,145,172,0
veh2716175,Bus,8.0,1.4,16,51,29,56,0
veh4030255,Bus,8.0,1.33,10,12,202,175,0
veh4591876,Bus,8.0,1.33,7,12,202,175,0
veh5248422,Bus,8.0,1.28,22,11,29,186,1
veh4313437,Bus,8.0,1.36,16,11,29,186,1
veh6377317,Bus,8.0,1.55,17,4,144,41,1
veh1783796,Bus,8.0,1.4,19,30,145,172,0
veh4781271,Bus,7.98,1.5,22,15,4,178,0
veh4218728,Bus,8.0,1.65,11,24,144,178,1
veh5342440,Bus,8.0,1.65,19,24,144,178,1
veh1311009,Bus,8.0,1.38,22,31,29,201,1
veh5158845,Bus,8.0,1.44,8,46,87,114,0
veh5998575,Bus,8.0,1.21,9,2,230,56,0
veh4030357,Bus,8.0,1.4,20,51,29,56,0
veh4686853,Bus,8.0,1.35,18,11,29,186,1
veh6281162,Bus,8.0,1.74,8,32,86,59,0
veh282763,Bus,8.0,1.39,12,31,29,201,1
veh94276,Bus,8.0,1.16,16,6,87,41,1
veh2810717,Bus,8.0,1.57,11,22,174,48,1
veh1783669,Bus,8.0,1.16,8,6,87,41,1
veh2343394,Bus,7.99,1.28,6,11,29,186,1
veh1594183,Bus,8.0,1.33,9,12,202,175,0
veh6281205,Bus,7.99,1.21,11,2,230,56,0
veh4686886,Bus,8.0,1.33,20,12,202,175,0
veh5531611,Bus,7.99,1.33,17,12,202,175,0
veh1127816,Bus,8.0,1.71,7,2,86,33,1
veh3935993,Bus,8.0,1.28,9,47,215,41,0
veh5065575,Bus,8.0,1.4,21,30,145,172,0
veh1877330,Bus,8.0,1.71,19,2,86,33,1
veh472618,Bus,8.0,1.55,7,4,144,41,1
veh565783,Bus,8.0,1.38,12,31,29,201,1
veh5904238,Bus,7.99,1.37,10,32,27,201,0
veh749469,Bus,8.0,1.74,9,32,86,59,0
veh2439529,Bus,8.0,1.71,9,54,144,117,0
veh1966437,Bus,8.0,1.33,8,12,202,175,0
veh1594154,Bus,8.0,1.21,7,2,230,56,0
veh2905304,Bus,8.0,1.71,9,54,144,117,0
veh749560,Bus,8.0,1.54,18,26,87,56,1
veh2622233,Bus,7.99,1.21,9,45,207,33,0
veh5248333,Bus,8.0,1.39,14,51,29,56,0
veh4502781,Bus,7.98,1.49,10,15,4,178,0
veh5158994,Bus,8.0,1.5,21,4,144,41,1
veh2716159,Bus,8.0,1.74,14,32,86,59,0
veh2905377,Bus,8.0,1.15,17,6,87,41,1
veh4781183,Bus,8.0,1.38,15,31,29,201,1
veh5158981,Bus,8.0,1.28,20,11,29,186,1
veh3936094,Bus,8.0,1.57,19,22,174,48,1
veh5998699,Bus,8.0,1.71,21,54,144,117,0
veh3096227,Bus,8.0,1.39,19,31,29,201,1
veh937639,Bus,7.99,1.35,15,11,29,186,1
veh188371,Bus,8.0,1.71,13,54,144,117,0
veh3189703,Bus,8.0,1.5,18,15,4,178,0
veh6281183,Bus,7.98,1.28,9,47,215,41,0
veh655097,Bus,8.0,1.69,10,2,86,33,1
veh2622306,Bus,8.0,1.4,17,30,145,172,0
veh6281292,Bus,7.99,1.22,19,45,207,33,0
veh5721631,Bus,8.0,1.55,16,26,87,56,1
veh3935985,Bus,8.0,1.4,9,30,145,172,0
veh2532427,Bus,8.0,1.33,8,12,202,175,0
veh5248345,Bus,8.0,1.55,15,22,174,48,1
veh1688100,Bus,8.0,1.74,14,32,86,59,0
veh4502717,Bus,8.0,1.39,6,51,29,56,0
veh6092350,Bus,8.0,1.55,16,26,87,56,1
veh655028,Bus,8.0,1.7,4,2,86,33,1
veh1594290,Bus,8.0,1.71,19,54,144,117,0
veh5065587,Bus,8.0,1.7,22,2,86,33,1
veh4875184,Bus,8.0,1.37,16,17,12,186,0
veh749477,Bus,8.0,1.39,10,31,29,201,1
veh2716225,Bus,8.0,1.28,20,11,29,186,1
veh3846308,Bus,8.0,1.35,15,11,29,186,1
veh1688076,Bus,8.0,1.22,11,45,207,33,0
veh376657,Bus,8.0,1.5,8,15,4,178,0
veh3096116,Bus,8.0,1.49,8,15,4,178,0
veh2248979,Bus,8.0,1.7,4,2,86,33,1
veh6186735,Bus,7.99,1.49,6,15,4,178,0
veh4591922,Bus,8.0,1.38,10,32,27,201,0
veh4502889,Bus,7.99,1.38,21,31,29,201,1
veh1310932,Bus,8.0,1.5,15,4,144,41,1
veh6281247,Bus,8.0,1.7,16,52,174,201,0
veh3468162,Bus,7.99,1.39,10,17,12,186,0
veh565861,Bus,8.0,1.69,19,2,86,33,1
veh376696,Bus,8.0,1.38,12,31,29,201,1
veh2532537,Bus,7.99,1.37,18,17,12,186,0
veh6281182,Bus,8.0,1.33,9,12,202,175,0
veh4030197,Bus,8.0,1.71,6,2,86,33,1
veh749571,Bus,8.0,1.15,19,6,87,41,1
veh5815107,Bus,7.99,1.21,15,45,207,33,0
veh4409488,Bus,8.0,1.69,8,52,174,201,0
veh5436978,Bus,8.0,1.55,13,22,174,48,1
veh1127926,Bus,8.0,1.54,17,26,87,56,1
veh2999783,Bus,8.0,1.44,11,46,87,114,0
veh1032299,Bus,8.0,1.33,22,12,202,175,0
veh5998636,Bus,8.0,1.54,16,26,87,56,1
veh6281155,Bus,8.0,1.4,8,51,29,56,0
veh2905397,Bus,8.0,1.65,18,24,144,178,1
veh4124045,Bus,7.99,1.22,11,45,207,33,0
veh3936106,Bus,8.0,1.16,20,6,87,41,1
veh5065553,Bus,8.0,1.4,19,30,145,172,0
veh1221847,Bus,8.0,1.65,19,24,144,178,1
veh1127911,Bus,8.0,1.27,15,47,215,41,0
veh4030376,Bus,7.99,1.38,22,31,29,201,1
veh565763,Bus,8.0,1.4,10,51,29,56,0
veh472639,Bus,8.0,1.5,8,15,4,178,0
veh6281125,Bus,8.0,1.57,5,22,174,48,1
veh6560644,Bus,8.0,1.37,22,17,12,186,0
veh1127901,Bus,8.0,1.5,14,15,4,178,0
veh2249024,Bus,7.99,1.34,8,17,12,186,0
veh4686892,Bus,8.0,1.4,21,30,145,172,0
veh3563127,Bus,8.0,1.44,9,46,87,114,0
veh6186916,Bus,7.99,1.38,22,17,12,186,0
veh4313368,Bus,8.0,1.44,9,46,87,114,0
veh5904263,Bus,7.97,1.21,13,2,230,56,0
veh6092272,Bus,7.99,1.5,8,15,4,178,0
veh1688031,Bus,8.0,1.4,8,30,145,172,0
veh376713,Bus,7.99,1.4,14,51,29,56,0
veh3374132,Bus,8.0,1.71,8,2,86,33,1
veh282819,Bus,8.0,1.28,17,47,215,41,0
veh3374134,Bus,8.0,1.5,8,4,144,41,1
veh565818,Bus,7.98,1.21,15,2,230,56,0
veh4218660,Bus,8.0,1.55,6,26,87,56,1
veh1966456,Bus,7.99,1.21,9,2,230,56,0
veh5998557,Bus,8.0,1.34,8,17,12,186,0
veh4591951,Bus,7.99,1.16,14,6,87,41,1
veh3374291,Bus,7.99,1.34,22,17,12,186,0
veh3563271,Bus,8.0,1.73,22,32,86,59,0
veh188277,Bus,8.0,1.4,5,30,145,172,0
veh1594143,Bus,8.0,1.44,7,46,87,114,0
veh94267,Bus,8.0,1.57,15,22,174,48,1
veh843890,Bus,7.98,1.28,7,47,215,41,0
veh2532557,Bus,8.0,1.16,20,6,87,41,1
veh4313473,Bus,8.0,1.38,19,31,29,201,1
veh3096177,Bus,7.99,1.34,14,17,12,186,0
veh3846387,Bus,7.99,1.21,21,45,207,33,0
veh1221854,Bus,8.0,1.39,20,51,29,56,0
veh1877289,Bus,8.0,1.4,16,51,29,56,0
veh4218843,Bus,8.0,1.69,22,52,174,201,0
veh2154494,Bus,7.99,1.21,17,2,230,56,0
veh4781082,Bus,8.0,1.24,6,6,87,41,1
veh2154516,Bus,7.99,1.54,19,4,144,41,1
veh2622201,Bus,7.98,1.21,7,45,207,33,0
veh1221832,Bus,7.99,1.54,18,4,144,41,1
veh2154507,Bus,7.99,1.38,18,32,27,201,0
veh1127890,Bus,8.0,1.28,13,47,215,41,0
veh2716128,Bus,8.0,1.44,11,46,87,114,0
veh3374285,Bus,8.0,1.38,22,31,29,201,1
veh3936040,Bus,8.0,1.5,14,15,4,178,0
veh4218827,Bus,8.0,1.38,20,17,12,186,0
veh3468144,Bus,8.0,1.66,9,22,174,48,1
veh6470400,Bus,8.0,1.69,10,2,86,33,1
veh5342278,Bus,8.0,1.66,5,24,144,178,1
veh2532407,Bus,8.0,1.74,7,32,86,59,0
veh4218708,Bus,8.0,1.7,9,54,144,117,0
veh2999769,Bus,8.0,1.29,9,47,215,41,0
veh4875139,Bus,7.99,1.22,11,2,230,56,0
veh1405162,Bus,8.0,1.65,7,24,144,178,1
veh282747,Bus,8.0,1.7,10,2,86,33,1
veh4124083,Bus,8.0,1.22,15,2,230,56,0
veh4313385,Bus,8.0,1.71,10,2,86,33,1
veh4218720,Bus,8.0,1.33,10,12,202,175,0
veh4875074,Bus,7.99,1.38,6,32,27,201,0
veh5531522,Bus,8.0,1.54,9,26,87,56,1
veh3563219,Bus,8.0,1.27,18,11,29,186,1
veh6186791,Bus,8.0,1.49,10,15,4,178,0
veh2154464,Bus,8.0,1.4,15,30,145,172,0
veh6377355,Bus,8.0,1.55,20,26,87,56,1
veh2905356,Bus,8.0,1.38,15,31,29,201,1
veh2622291,Bus,8.0,1.21,15,2,230,56,0
veh5998654,Bus,8.0,1.22,17,45,207,33,0
veh6092390,Bus,8.0,1.74,19,32,86,59,0
veh1966406,Bus,8.0,1.71,6,2,86,33,1
veh3279520,Bus,8.0,1.16,14,6,87,41,1
veh4591862,Bus,8.0,1.74,6,32,86,59,0
veh5998612,Bus,7.99,1.28,14,11,29,186,1
veh6560496,Bus,8.0,1.15,9,6,87,41,1
veh655159,Bus,8.0,1.39,17,31,29,201,1
veh4875098,Bus,8.0,1.65,8,24,144,178,1
veh5721511,Bus,8.0,1.65,5,24,144,178,1
veh1032272,Bus,8.0,1.22,19,45,207,33,0
veh5531605,Bus,8.0,1.44,17,46,87,114,0
veh749486,Bus,7.99,1.49,10,15,4,178,0
veh5531651,Bus,8.0,1.37,20,32,27,201,0
veh2060432,Bus,8.0,1.69,20,52,174,201,0
veh5065514,Bus,7.99,1.39,16,51,29,56,0
veh5531484,Bus,8.0,1.71,6,2,86,33,1
veh3563100,Bus,8.0,1.55,7,4,144,41,1
veh5531618,Bus,8.0,1.54,18,26,87,56,1
veh2716238,Bus,8.0,1.5,21,4,144,41,1
veh3096096,Bus,8.0,1.65,7,24,144,178,1
veh4686904,Bus,8.0,1.71,22,2,86,33,1
veh2622223,Bus,8.0,1.44,9,46,87,114,0
veh4875095,Bus,8.0,1.71,8,2,86,33,1
veh3189570,Bus,8.0,1.57,7,22,174,48,1
veh3279549,Bus,8.0,1.15,17,6,87,41,1
veh2716107,Bus,8.0,1.64,9,22,174,48,1
veh6470456,Bus,8.0,1.69,16,52,174,201,0
veh6281128,Bus,7.99,1.22,5,45,207,33,0
veh3468287,Bus,8.0,1.34,22,12,202,175,0
veh5248412,Bus,8.0,1.38,21,31,29,201,1
veh5342381,Bus,8.0,1.34,14,17,12,186,0
veh1310918,Bus,8.0,1.44,14,31,29,201,1
veh1310939,Bus,8.0,1.4,16,51,29,56,0
veh2248981,Bus,8.0,1.4,5,30,145,172,0
veh6092382,Bus,8.0,1.38,18,32,27,201,0
veh4781272,Bus,8.0,1.38,22,32,27,201,0
veh4591903,Bus,8.0,1.71,9,2,86,33,1
veh937541,Bus,8.0,1.69,6,52,174,201,0
veh4030334,Bus,8.0,1.74,18,32,86,59,0
veh2060310,Bus,8.0,1.57,9,22,174,48,1
veh3096165,Bus,8.0,1.65,13,24,144,178,1
veh5248363,Bus,8.0,1.15,17,6,87,41,1
veh3096132,Bus,7.99,1.23,9,45,207,33,0
veh5158949,Bus,8.0,1.34,17,12,202,175,0
veh94328,Bus,8.0,1.54,20,26,87,56,1
veh3468290,Bus,8.0,1.38,22,32,27,201,0
veh94303,Bus,7.99,1.74,18,32,86,59,0
veh2810830,Bus,8.0,1.21,21,2,230,56,0
veh749464,Bus,7.99,1.54,9,26,87,56,1
veh3096135,Bus,8.0,1.4,10,51,29,56,0
veh2716243,Bus,8.0,1.21,21,2,230,56,0
veh6281277,Bus,7.99,1.49,18,15,4,178,0
veh565838,Bus,8.0,1.33,17,12,202,175,0
veh1405323,Bus,8.0,1.7,21,54,144,117,0
veh6377181,Bus,8.0,1.44,5,46,87,114,0
veh2999746,Bus,8.0,1.69,8,52,174,201,0
veh188474,Bus,7.99,1.49,22,15,4,178,0
veh3374286,Bus,8.0,1.39,22,51,29,56,0
veh5342290,Bus,7.99,1.35,6,17,12,186,0
veh5815163,Bus,8.0,1.54,20,26,87,56,1
veh3656932,Bus,8.0,1.4,8,51,29,56,0
veh4313324,Bus,8.0,1.35,6,11,29,186,1
veh1783806,Bus,8.0,1.22,19,2,230,56,0
veh2999723,Bus,7.99,1.34,6,12,202,175,0
veh2343569,Bus,7.99,1.4,21,30,145,172,0
veh2622194,Bus,8.0,1.71,7,2,86,33,1
veh6560571,Bus,8.0,1.69,16,52,174,201,0
veh188462,Bus,7.99,1.71,21,54,144,117,0
veh4030362,Bus,8.0,1.35,20,17,12,186,0
veh4781187,Bus,8.0,1.55,15,4,144,41,1
veh1032270,Bus,8.0,1.33,19,12,202,175,0
veh2999828,Bus,8.0,1.21,15,2,230,56,0
veh2810827,Bus,8.0,1.71,21,54,144,117,0
veh5248291,Bus,8.0,1.33,9,12,202,175,0
veh1966428,Bus,8.0,1.55,8,26,87,56,1
veh1221821,Bus,8.0,1.33,17,12,202,175,0
veh4124063,Bus,7.99,1.26,14,11,29,186,1
veh1966394,Bus,8.0,1.51,5,46,87,114,0
veh1405178,Bus,8.0,1.66,8,24,144,178,1
veh4591890,Bus,8.0,1.66,8,24,144,178,1
veh749603,Bus,8.0,1.21,21,2,230,56,0
veh5721528,Bus,7.99,1.4,7,30,145,172,0
veh3752825,Bus,7.99,1.44,17,46,87,114,0
veh472745,Bus,7.99,1.65,18,24,144,178,1
veh3846248,Bus,7.99,1.15,9,6,87,41,1
veh6470526,Bus,8.0,1.69,22,2,86,33,1
veh4969691,Bus,8.0,1.62,17,24,144,178,1
veh1688182,Bus,7.99,1.28,21,47,215,41,0
veh5904187,Bus,8.0,1.71,7,2,86,33,1
veh3752840,Bus,8.0,1.69,18,2,86,33,1
veh188349,Bus,8.0,1.37,10,32,27,201,0
veh4218803,Bus,7.99,1.38,18,17,12,186,0
veh843863,Bus,8.0,1.4,5,30,145,172,0
veh3374106,Bus,8.0,1.71,6,2,86,33,1
veh472661,Bus,8.0,1.69,10,52,174,201,0
veh2249061,Bus,7.98,1.21,11,45,207,33,0
veh4592008,Bus,8.0,1.44,19,46,87,114,0
veh1688028,Bus,8.0,1.15,8,6,87,41,1
veh937595,Bus,8.0,1.16,10,6,87,41,1
veh1594262,Bus,8.0,1.71,17,54,144,117,0
veh94226,Bus,8.0,1.49,10,15,4,178,0
veh94351,Bus,8.0,1.34,22,17,12,186,0
veh2439498,Bus,8.0,1.33,7,12,202,175,0
veh2716055,Bus,8.0,1.4,5,30,145,172,0
veh6560584,Bus,8.0,1.66,17,24,144,178,1
veh2810831,Bus,8.0,1.27,22,11,29,186,1
veh6560622,Bus,8.0,1.69,20,52,174,201,0
veh6281296,Bus,8.0,1.16,20,6,87,41,1
veh843884,Bus,8.0,1.71,7,2,86,33,1
veh1310951,Bus,8.0,1.44,17,46,87,114,0
veh1405149,Bus,8.0,1.7,6,2,86,33,1
veh94254,Bus,8.0,1.39,14,31,29,201,1
veh6377314,Bus,8.0,1.45,17,46,87,114,0
veh4502891,Bus,8.0,1.4,21,30,145,172,0
veh5436990,Bus,8.0,1.69,14,2,86,33,1
veh1783768,Bus,8.0,1.55,17,26,87,56,1
veh6281281,Bus,8.0,1.55,19,26,87,56,1
veh94264,Bus,8.0,1.39,15,31,29,201,1
veh3468220,Bus,8.0,1.38,16,32,27,201,0
veh2060264,Bus,7.99,1.28,6,11,29,186,1
veh2999895,Bus,8.0,1.71,21,54,144,117,0
veh655093,Bus,8.0,1.4,10,51,29,56,0
veh5342307,Bus,7.99,1.4,8,51,29,56,0
veh5626584,Bus,8.0,1.4,16,51,29,56,0
veh2905380,Bus,8.0,1.4,17,30,145,172,0
veh4124032,Bus,8.0,1.7,10,2,86,33,1
veh3279421,Bus,8.0,1.65,5,24,144,178,1
veh5531558,Bus,8.0,1.7,12,2,86,33,1
veh6092400,Bus,8.0,1.16,20,6,87,41,1
veh4409582,Bus,8.0,1.15,17,6,87,41,1
veh3468122,Bus,8.0,1.28,8,11,29,186,1
veh6470350,Bus,8.0,1.38,7,31,29,201,1
veh1499383,Bus,8.0,1.38,16,32,27,201,0
veh94285,Bus,8.0,1.15,17,6,87,41,1
veh3656951,Bus,8.0,1.44,9,46,87,114,0
veh3752765,Bus,8.0,1.37,10,32,27,201,0
veh1032283,Bus,8.0,1.38,21,31,29,201,1
veh3657042,Bus,8.0,1.21,17,2,230,56,0
veh3752703,Bus,8.0,1.7,6,52,174,201,0
veh1877320,Bus,8.0,1.7,18,54,144,117,0
veh5815061,Bus,8.0,1.5,10,15,4,178,0
veh3279516,Bus,7.99,1.21,13,2,230,56,0
veh4218780,Bus,7.99,1.39,17,31,29,201,1
veh1032302,Bus,7.98,1.38,22,32,27,201,0
veh5158833,Bus,8.0,1.74,7,32,86,59,0
veh3189732,Bus,8.0,1.57,21,22,174,48,1
veh5531657,Bus,8.0,1.63,21,24,144,178,1
veh655224,Bus,8.0,1.73,22,32,86,59,0
veh3563103,Bus,8.0,1.33,7,12,202,175,0
veh3656917,Bus,8.0,1.38,6,32,27,201,0
veh1032225,Bus,8.0,1.16,16,6,87,41,1
veh2060390,Bus,8.0,1.44,17,46,87,114,0
veh2532471,Bus,8.0,1.73,12,32,86,59,0
veh4313395,Bus,8.0,1.62,11,24,144,178,1
veh2905425,Bus,8.0,1.38,20,32,27,201,0
veh4781173,Bus,8.0,1.38,14,31,29,201,1
veh5721704,Bus,8.0,1.33,22,12,202,175,0
veh2060372,Bus,8.0,1.66,15,24,144,178,1
veh6092313,Bus,8.0,1.7,12,2,86,33,1
veh5436942,Bus,8.0,1.55,9,4,144,41,1
veh3656913,Bus,8.0,1.74,6,32,86,59,0
veh6560633,Bus,8.0,1.7,21,54,144,117,0
veh6186912,Bus,7.99,1.69,22,52,174,201,0
veh5721549,Bus,8.0,1.66,8,24,144,178,1
veh6560645,Bus,7.98,1.49,22,15,4,178,0
veh2154402,Bus,8.0,1.54,9,26,87,56,1
veh5436954,Bus,8.0,1.71,10,2,86,33,1
veh1783691,Bus,8.0,1.74,9,32,86,59,0
veh4030305,Bus,7.99,1.27,16,11,29,186,1
veh565738,Bus,8.0,1.74,8,32,86,59,0
veh4218825,Bus,8.0,1.69,20,52,174,201,0
veh6377261,Bus,8.0,1.28,11,47,215,41,0
veh3096195,Bus,8.0,1.69,16,52,174,201,0
veh4686899,Bus,8.0,1.21,21,2,230,56,0
veh2060438,Bus,8.0,1.44,21,46,87,114,0
veh3752786,Bus,8.0,1.62,13,24,144,178,1
veh2905418,Bus,8.0,1.4,20,51,29,56,0
veh1405302,Bus,8.0,1.65,19,24,144,178,1
veh2439596,Bus,8.0,1.69,16,2,86,33,1
veh376810,Bus,8.0,1.48,22,15,4,178,0
veh749434,Bus,8.0,1.4,7,30,145,172,0
veh1032291,Bus,7.99,1.22,21,45,207,33,0
veh1877260,Bus,8.0,1.55,13,22,174,48,1
veh1405213,Bus,8.0,1.66,11,22,174,48,1
veh5626579,Bus,8.0,1.71,15,54,144,117,0
veh5626465,Bus,8.0,1.66,5,22,174,48,1
veh188475,Bus,7.99,1.38,22,32,27,201,0
veh5531644,Bus,8.0,1.4,20,51,29,56,0
veh1877329,Bus,8.0,1.57,19,22,174,48,1
veh94294,Bus,7.99,1.28,17,47,215,41,0
veh2060363,Bus,7.99,1.37,14,17,12,186,0
veh1127866,Bus,8.0,1.49,10,15,4,178,0
veh2060413,Bus,8.0,1.39,19,31,29,201,1
veh4502830,Bus,8.0,1.4,16,51,29,56,0
veh6470522,Bus,7.99,1.28,22,11,29,186,1
veh1127951,Bus,8.0,1.15,19,6,87,41,1
veh4875071,Bus,8.0,1.33,6,12,202,175,0
veh3656942,Bus,8.0,1.71,8,54,144,117,0
veh2716145,Bus,8.0,1.4,13,30,145,172,0
veh472766,Bus,8.0,1.4,20,51,29,56,0
veh3096069,Bus,8.0,1.69,4,52,174,201,0
veh2999907,Bus,8.0,1.5,22,15,4,178,0
veh1499355,Bus,8.0,1.4,14,51,29,56,0
veh2343498,Bus,8.0,1.44,15,46,87,114,0
veh94311,Bus,7.99,1.15,19,6,87,41,1
veh5626558,Bus,8.0,1.7,13,54,144,117,0
veh4123970,Bus,8.0,1.22,5,2,230,56,0
veh472602,Bus,7.99,1.4,6,51,29,56,0
veh4218710,Bus,8.0,1.27,9,47,215,41,0
veh376727,Bus,7.99,1.66,15,24,144,178,1
veh2810833,Bus,8.0,1.4,22,51,29,56,0
veh2999739,Bus,8.0,1.21,7,2,230,56,0
veh565804,Bus,8.0,1.74,14,32,86,59,0
veh2905312,Bus,8.0,1.55,10,26,87,56,1
veh2532398,Bus,7.99,1.33,6,12,202,175,0
veh4313336,Bus,8.0,1.44,7,46,87,114,0
veh1221742,Bus,7.99,1.28,9,47,215,41,0
veh3846284,Bus,8.0,1.4,12,51,29,56,0
veh6560558,Bus,8.0,1.44,15,46,87,114,0
veh4686831,Bus,8.0,1.39,16,51,29,56,0
veh4409596,Bus,7.99,1.15,18,6,87,41,1
veh472626,Bus,8.0,1.39,8,51,29,56,0
veh6470418,Bus,8.0,1.7,12,2,86,33,1
veh6186836,Bus,8.0,1.27,15,47,215,41,0
veh1405153,Bus,8.0,1.49,6,15,4,178,0
veh1221765,Bus,8.0,1.28,12,11,29,186,1
veh2532414,Bus,8.0,1.22,7,2,230,56,0
veh376724,Bus,8.0,1.4,15,30,145,172,0
veh3096068,Bus,7.99,1.54,4,26,87,56,1
veh3189656,Bus,8.0,1.49,14,15,4,178,0
veh5721526,Bus,8.0,1.39,7,31,29,201,1
veh5904180,Bus,7.99,1.39,6,17,12,186,0
veh5815135,Bus,8.0,1.55,18,26,87,56,1
veh3846300,Bus,8.0,1.4,14,51,29,56,0
veh2810782,Bus,8.0,1.22,17,45,207,33,0
veh4502751,Bus,8.0,1.7,8,54,144,117,0
veh3935999,Bus,8.0,1.55,10,26,87,56,1
veh1310965,Bus,8.0,1.69,18,52,174,201,0
veh188391,Bus,7.99,1.66,15,24,144,178,1
veh6560469,Bus,8.0,1.71,7,2,86,33,1
veh3468158,Bus,8.0,1.69,10,52,174,201,0
veh844057,Bus,8.0,1.74,22,32,86,59,0
veh1688117,Bus,8.0,1.16,16,6,87,41,1
veh6092321,Bus,7.99,1.66,13,24,144,178,1
veh5531635,Bus,8.0,1.74,19,32,86,59,0
veh3563234,Bus,8.0,1.55,19,26,87,56,1
veh4030342,Bus,8.0,1.15,19,6,87,41,1
veh2810798,Bus,8.0,1.16,19,6,87,41,1
veh1594308,Bus,8.0,1.55,21,4,144,41,1
veh6281206,Bus,8.0,1.28,12,11,29,186,1
veh4030195,Bus,8.0,1.54,6,26,87,56,1
veh4686706,Bus,7.99,1.16,4,6,87,41,1
veh2439631,Bus,8.0,1.4,19,30,145,172,0
veh2060403,Bus,8.0,1.54,18,26,87,56,1
veh4502843,Bus,8.0,1.4,17,30,145,172,0
veh3279529,Bus,8.0,1.44,15,46,87,114,0
veh2154387,Bus,8.0,1.44,8,46,87,114,0
veh749473,Bus,8.0,1.33,9,12,202,175,0
veh1783673,Bus,8.0,1.69,8,52,174,201,0
veh4218837,Bus,8.0,1.28,21,47,215,41,0
veh3468174,Bus,8.0,1.28,12,11,29,186,1
veh937683,Bus,7.99,1.37,18,17,12,186,0
veh1783688,Bus,8.0,1.4,9,30,145,172,0
veh655100,Bus,7.99,1.38,10,17,12,186,0
veh5158956,Bus,8.0,1.54,18,26,87,56,1
veh3752815,Bus,8.0,1.55,16,26,87,56,1
veh6092399,Bus,8.0,1.4,20,51,29,56,0
veh6092234,Bus,7.99,1.28,6,11,29,186,1
veh5531485,Bus,8.0,1.74,6,32,86,59,0
veh5904210,Bus,8.0,1.49,8,15,4,178,0
veh6377269,Bus,8.0,1.38,12,17,12,186,0
veh5904188,Bus,7.99,1.74,7,32,86,59,0
veh1127860,Bus,8.0,1.55,10,26,87,56,1
veh5065507,Bus,8.0,1.55,15,4,144,41,1
veh94344,Bus,8.0,1.35,22,11,29,186,1
veh1877227,Bus,8.0,1.33,9,12,202,175,0
veh6186801,Bus,8.0,1.21,11,2,230,56,0
veh2343488,Bus,8.0,1.4,14,51,29,56,0
veh5998532,Bus,7.99,1.45,7,46,87,114,0
veh937628,Bus,8.0,1.21,13,2,230,56,0
veh5158861,Bus,8.0,1.44,9,46,87,114,0
veh3563173,Bus,7.99,1.23,13,45,207,33,0
veh1783693,Bus,8.0,1.65,9,24,144,178,1
veh655065,Bus,8.0,1.47,8,30,145,172,0
veh5065529,Bus,8.0,1.55,17,4,144,41,1
veh6470452,Bus,8.0,1.35,16,11,29,186,1
veh4686849,Bus,8.0,1.33,17,12,202,175,0
veh5158887,Bus,8.0,1.55,11,4,144,41,1
veh1405141,Bus,7.99,1.28,5,47,215,41,0
veh4313494,Bus,7.99,1.37,20,17,12,186,0
veh5065581,Bus,8.0,1.23,21,45,207,33,0
veh3752754,Bus,8.0,1.22,9,2,230,56,0
veh4686714,Bus,7.99,1.28,5,47,215,41,0
veh4969735,Bus,8.0,1.44,21,46,87,114,0
veh749519,Bus,8.0,1.74,14,32,86,59,0
veh5626595,Bus,8.0,1.55,17,26,87,56,1
veh2154383,Bus,8.0,1.28,8,11,29,186,1
veh4875164,Bus,7.99,1.5,14,15,4,178,0
veh3189659,Bus,8.0,1.38,15,31,29,201,1
veh1783831,Bus,8.0,1.74,22,32,86,59,0
veh4686836,Bus,8.0,1.74,16,32,86,59,0
veh3563269,Bus,8.0,1.69,22,52,174,201,0
veh4313415,Bus,7.99,1.22,13,2,230,56,0
veh4591901,Bus,8.0,1.4,9,30,145,172,0
veh5721678,Bus,7.99,1.22,19,2,230,56,0
veh3468199,Bus,7.97,1.37,14,32,27,201,0
veh4875233,Bus,8.0,1.33,20,12,202,175,0
veh5626522,Bus,8.0,1.33,9,12,202,175,0
veh3374149,Bus,7.99,1.74,9,32,86,59,0
veh4875242,Bus,8.0,1.65,21,24,144,178,1
veh4124052,Bus,7.99,1.37,12,17,12,186,0
veh937544,Bus,8.0,1.33,6,12,202,175,0
veh1783791,Bus,8.0,1.38,18,32,27,201,0
veh94235,Bus,7.99,1.21,11,45,207,33,0
veh1310937,Bus,8.0,1.22,15,2,230,56,0
veh2716116,Bus,7.98,1.22,9,2,230,56,0
veh1688110,Bus,8.0,1.65,15,24,144,178,1
veh5998536,Bus,8.0,1.74,7,32,86,59,0
veh5248335,Bus,8.0,1.48,14,26,87,56,1
veh749577,Bus,8.0,1.74,19,32,86,59,0
veh2060400,Bus,8.0,1.28,18,11,29,186,1
veh1032131,Bus,7.99,1.28,7,47,215,41,0
veh1966440,Bus,8.0,1.39,8,32,27,201,0
veh2716226,Bus,8.0,1.4,20,51,29,56,0
veh4218730,Bus,7.99,1.28,11,47,215,41,0
veh5248426,Bus,8.0,1.69,22,2,86,33,1
veh5158973,Bus,8.0,1.74,19,32,86,59,0
veh5998599,Bus,8.0,1.71,12,2,86,33,1
veh6281279,Bus,8.0,1.39,19,31,29,201,1
veh188424,Bus,8.0,1.71,18,2,86,33,1
veh2532404,Bus,8.0,1.47,7,30,145,172,0
veh4875154,Bus,7.99,1.22,13,45,207,33,0
veh1310913,Bus,8.0,1.7,13,54,144,117,0
veh2905273,Bus,8.0,1.33,7,12,202,175,0
veh4313448,Bus,8.0,1.15,17,6,87,41,1
veh749488,Bus,8.0,1.44,11,46,87,114,0
veh3096242,Bus,8.0,1.28,20,11,29,186,1
veh4123960,Bus,8.0,1.16,4,6,87,41,1
veh2343483,Bus,8.0,1.28,13,47,215,41,0
veh5531560,Bus,7.99,1.38,12,17,12,186,0
veh2622198,Bus,8.0,1.7,7,54,144,117,0
veh2905263,Bus,8.0,1.37,6,32,27,201,0
veh655145,Bus,8.0,1.71,15,54,144,117,0
veh3846304,Bus,8.0,1.74,14,32,86,59,0
veh2532513,Bus,8.0,1.37,16,32,27,201,0
veh6186892,Bus,8.0,1.16,20,6,87,41,1
veh1405241,Bus,8.0,1.69,14,2,86,33,1
veh4591950,Bus,8.0,1.4,14,51,29,56,0
veh3752722,Bus,8.0,1.22,7,2,230,56,0
veh1594139,Bus,7.99,1.38,6,17,12,186,0
veh2999871,Bus,7.99,1.69,19,2,86,33,1
veh565894,Bus,7.99,1.74,22,32,86,59,0
